,maquina_id,linha,fabrica,turno,producao_total,data_registro,desconto_min,tempo_esperado_min,producao_esperada,eficiencia
0,TMF001,8,1,NOT,10152.0,2023-12-01,0.0,480.0,10176.0,0.9976415094339622
1,TMF001,8,1,MAT,9198.0,2023-12-01,0.0,480.0,10176.0,0.9038915094339622
2,TMF001,8,1,VES,6410.0,2023-12-01,60.0,420.0,8904.0,0.7199011680143755
3,TMF001,8,1,NOT,8558.0,2023-12-02,0.0,480.0,10176.0,0.840998427672956
4,TMF001,8,1,MAT,8926.0,2023-12-02,0.0,480.0,10176.0,0.8771619496855346
5,TMF001,8,1,VES,6286.0,2023-12-02,60.0,420.0,8904.0,0.7059748427672956
6,TMF001,8,1,NOT,2254.0,2023-12-03,0.0,480.0,10176.0,0.22150157232704404
7,TMF001,8,1,MAT,6904.0,2023-12-03,0.0,480.0,10176.0,0.6784591194968553
8,TMF001,8,1,VES,6714.0,2023-12-03,60.0,420.0,8904.0,0.7540431266846361
9,TMF001,8,1,NOT,7646.0,2023-12-04,0.0,480.0,10176.0,0.751375786163522
10,TMF001,8,1,MAT,6396.0,2023-12-04,70.0,410.0,8692.0,0.7358490566037735
11,TMF001,8,1,VES,5982.0,2023-12-04,0.0,480.0,10176.0,0.5878537735849056
12,TMF001,8,1,NOT,7714.0,2023-12-05,0.0,480.0,10176.0,0.758058176100629
13,TMF001,8,1,MAT,8826.0,2023-12-05,0.0,480.0,10176.0,0.8673349056603774
14,TMF001,8,1,VES,6012.0,2023-12-05,60.0,420.0,8904.0,0.6752021563342318
15,TMF001,8,1,NOT,8040.0,2023-12-06,0.0,480.0,10176.0,0.7900943396226415
16,TMF001,8,1,MAT,8966.0,2023-12-06,0.0,480.0,10176.0,0.8810927672955975
17,TMF001,8,1,VES,8746.0,2023-12-06,0.0,480.0,10176.0,0.8594732704402516
18,TMF001,8,1,NOT,7722.0,2023-12-07,60.0,420.0,8904.0,0.8672506738544474
19,TMF001,8,1,MAT,6328.0,2023-12-07,60.0,420.0,8904.0,0.710691823899371
20,TMF001,8,1,VES,8652.0,2023-12-07,0.0,480.0,10176.0,0.8502358490566038
21,TMF001,8,1,NOT,4994.0,2023-12-08,60.0,420.0,8904.0,0.5608715184186882
22,TMF001,8,1,MAT,8938.0,2023-12-08,0.0,480.0,10176.0,0.8783411949685535
23,TMF001,8,1,VES,8200.0,2023-12-08,0.0,480.0,10176.0,0.8058176100628931
24,TMF001,8,1,NOT,7304.0,2023-12-09,18.0,462.0,9794.4,0.7457322551662174
25,TMF001,8,1,MAT,2226.0,2023-12-09,0.0,480.0,10176.0,0.21875
26,TMF001,8,1,VES,0.0,2023-12-09,0.0,480.0,10176.0,0.0
27,TMF001,8,1,NOT,0.0,2023-12-10,0.0,480.0,10176.0,0.0
28,TMF001,8,1,MAT,0.0,2023-12-10,0.0,480.0,10176.0,0.0
29,TMF001,8,1,VES,176.0,2023-12-10,0.0,480.0,10176.0,0.01729559748427673
30,TMF001,8,1,NOT,8202.0,2023-12-11,0.0,480.0,10176.0,0.8060141509433962
31,TMF001,8,1,MAT,8620.0,2023-12-11,15.0,465.0,9858.0,0.8744167173868939
32,TMF001,8,1,VES,7718.0,2023-12-11,0.0,480.0,10176.0,0.7584512578616353
33,TMF001,8,1,NOT,7570.0,2023-12-12,60.0,420.0,8904.0,0.8501796945193172
34,TMF001,8,1,MAT,8526.0,2023-12-12,0.0,480.0,10176.0,0.8378537735849056
35,TMF001,8,1,VES,8218.0,2023-12-12,0.0,480.0,10176.0,0.8075864779874213
36,TMF001,8,1,NOT,8356.0,2023-12-13,0.0,480.0,10176.0,0.8211477987421384
37,TMF001,8,1,MAT,7542.0,2023-12-13,15.0,465.0,9858.0,0.7650639074863055
38,TMF001,8,1,VES,8628.0,2023-12-13,6.0,474.0,10048.8,0.8586099832815859
39,TMF001,8,1,NOT,7752.0,2023-12-14,60.0,420.0,8904.0,0.8706199460916442
40,TMF001,8,1,MAT,8908.0,2023-12-14,0.0,480.0,10176.0,0.8753930817610063
41,TMF001,8,1,VES,6046.0,2023-12-14,60.0,420.0,8904.0,0.6790206648697215
42,TMF001,8,1,NOT,8414.0,2023-12-15,0.0,480.0,10176.0,0.8268474842767296
43,TMF001,8,1,MAT,7836.0,2023-12-15,0.0,480.0,10176.0,0.7700471698113207
44,TMF001,8,1,VES,8704.0,2023-12-15,0.0,480.0,10176.0,0.8553459119496856
45,TMF001,8,1,NOT,7846.0,2023-12-16,2.0,478.0,10133.6,0.7742559406331412
46,TMF001,8,1,MAT,7840.0,2023-12-16,0.0,480.0,10176.0,0.7704402515723271
47,TMF001,8,1,VES,100.0,2023-12-16,0.0,480.0,10176.0,0.009827044025157232
48,TMF001,8,1,NOT,0.0,2023-12-17,0.0,480.0,10176.0,0.0
49,TMF001,8,1,MAT,0.0,2023-12-17,0.0,480.0,10176.0,0.0
50,TMF001,8,1,VES,274.0,2023-12-17,0.0,480.0,10176.0,0.02692610062893082
51,TMF001,8,1,NOT,6132.0,2023-12-18,60.0,420.0,8904.0,0.6886792452830188
52,TMF001,8,1,MAT,5946.0,2023-12-18,15.0,465.0,9858.0,0.603164942178941
53,TMF001,8,1,VES,6164.0,2023-12-18,0.0,480.0,10176.0,0.6057389937106918
54,TMF001,8,1,NOT,5714.0,2023-12-19,2.0,478.0,10133.6,0.5638667403489381
55,TMF001,8,1,MAT,8950.0,2023-12-19,0.0,480.0,10176.0,0.8795204402515723
56,TMF001,8,1,VES,8456.0,2023-12-19,0.0,480.0,10176.0,0.8309748427672956
57,TMF001,8,1,NOT,8156.0,2023-12-20,0.0,480.0,10176.0,0.8014937106918238
58,TMF001,8,1,MAT,8486.0,2023-12-20,0.0,480.0,10176.0,0.8339229559748428
59,TMF001,8,1,VES,6442.0,2023-12-20,0.0,480.0,10176.0,0.633058176100629
60,TMF001,8,1,NOT,8346.0,2023-12-21,0.0,480.0,10176.0,0.8201650943396226
61,TMF001,8,1,MAT,8586.0,2023-12-21,0.0,480.0,10176.0,0.84375
62,TMF001,8,1,VES,7366.0,2023-12-21,0.0,480.0,10176.0,0.7238600628930818
63,TMF001,8,1,NOT,4038.0,2023-12-22,2.0,478.0,10133.6,0.39847635588537145
64,TMF001,8,1,MAT,6972.0,2023-12-22,0.0,480.0,10176.0,0.6851415094339622
65,TMF001,8,1,VES,8584.0,2023-12-22,0.0,480.0,10176.0,0.8435534591194969
66,TMF001,8,1,NOT,7920.0,2023-12-23,60.0,420.0,8904.0,0.889487870619946
67,TMF001,8,1,MAT,6158.0,2023-12-23,0.0,480.0,10176.0,0.6051493710691824
68,TMF001,8,1,VES,0.0,2023-12-23,0.0,480.0,10176.0,0.0
69,TMF001,8,1,NOT,0.0,2023-12-24,0.0,480.0,10176.0,0.0
70,TMF001,8,1,MAT,0.0,2023-12-24,0.0,480.0,10176.0,0.0
71,TMF001,8,1,VES,0.0,2023-12-24,0.0,480.0,10176.0,0.0
72,TMF001,8,1,NOT,0.0,2023-12-25,0.0,480.0,10176.0,0.0
73,TMF001,8,1,MAT,0.0,2023-12-25,0.0,480.0,10176.0,0.0
74,TMF001,8,1,VES,0.0,2023-12-25,0.0,480.0,10176.0,0.0
75,TMF001,8,1,NOT,0.0,2023-12-26,0.0,480.0,10176.0,0.0
76,TMF001,8,1,MAT,6752.0,2023-12-26,0.0,480.0,10176.0,0.6635220125786163
77,TMF001,8,1,VES,6414.0,2023-12-26,60.0,420.0,8904.0,0.7203504043126685
78,TMF001,8,1,NOT,7826.0,2023-12-27,0.0,480.0,10176.0,0.769064465408805
79,TMF001,8,1,MAT,8356.0,2023-12-27,15.0,465.0,9858.0,0.8476364374112396
80,TMF001,8,1,VES,8540.0,2023-12-27,0.0,480.0,10176.0,0.8392295597484277
81,TMF001,8,1,NOT,5576.0,2023-12-28,0.0,480.0,10176.0,0.5479559748427673
82,TMF001,8,1,MAT,8416.0,2023-12-28,0.0,480.0,10176.0,0.8270440251572327
83,TMF001,8,1,VES,8298.0,2023-12-28,0.0,480.0,10176.0,0.8154481132075472
84,TMF001,8,1,NOT,7582.0,2023-12-29,70.0,410.0,8692.0,0.8722963644730787
85,TMF001,8,1,MAT,7744.0,2023-12-29,0.0,480.0,10176.0,0.7610062893081762
86,TMF001,8,1,VES,80.0,2023-12-29,60.0,420.0,8904.0,0.008984725965858042
87,TMF001,8,1,NOT,0.0,2023-12-30,0.0,480.0,10176.0,0.0
88,TMF001,8,1,MAT,0.0,2023-12-30,0.0,480.0,10176.0,0.0
89,TMF001,8,1,VES,0.0,2023-12-30,0.0,480.0,10176.0,0.0
90,TMF001,8,1,NOT,0.0,2023-12-31,0.0,480.0,10176.0,0.0
91,TMF001,8,1,MAT,0.0,2023-12-31,0.0,480.0,10176.0,0.0
92,TMF001,8,1,VES,0.0,2023-12-31,0.0,480.0,10176.0,0.0
93,TMF002,2,1,NOT,5730.0,2023-12-01,0.0,480.0,10176.0,0.5630896226415094
94,TMF002,2,1,MAT,4592.0,2023-12-01,60.0,420.0,8904.0,0.5157232704402516
95,TMF002,2,1,VES,5930.0,2023-12-01,0.0,480.0,10176.0,0.5827437106918238
96,TMF002,2,1,NOT,6938.0,2023-12-02,0.0,480.0,10176.0,0.6818003144654088
97,TMF002,2,1,MAT,4030.0,2023-12-02,60.0,420.0,8904.0,0.4526055705300988
98,TMF002,2,1,VES,7114.0,2023-12-02,0.0,480.0,10176.0,0.6990959119496856
99,TMF002,2,1,NOT,184.0,2023-12-03,0.0,480.0,10176.0,0.018081761006289308
100,TMF002,2,1,MAT,4732.0,2023-12-03,60.0,420.0,8904.0,0.5314465408805031
101,TMF002,2,1,VES,6392.0,2023-12-03,0.0,480.0,10176.0,0.6281446540880503
102,TMF002,2,1,NOT,6710.0,2023-12-04,0.0,480.0,10176.0,0.6593946540880503
103,TMF002,2,1,MAT,7476.0,2023-12-04,0.0,480.0,10176.0,0.7346698113207547
104,TMF002,2,1,VES,5516.0,2023-12-04,0.0,480.0,10176.0,0.5420597484276729
105,TMF002,2,1,NOT,7810.0,2023-12-05,0.0,480.0,10176.0,0.7674921383647799
106,TMF002,2,1,MAT,5320.0,2023-12-05,60.0,420.0,8904.0,0.5974842767295597
107,TMF002,2,1,VES,7038.0,2023-12-05,60.0,420.0,8904.0,0.7904312668463612
108,TMF002,2,1,NOT,8072.0,2023-12-06,0.0,480.0,10176.0,0.7932389937106918
109,TMF002,2,1,MAT,5694.0,2023-12-06,60.0,420.0,8904.0,0.639487870619946
110,TMF002,2,1,VES,4832.0,2023-12-06,60.0,420.0,8904.0,0.5426774483378257
111,TMF002,2,1,NOT,7174.0,2023-12-07,60.0,420.0,8904.0,0.8057053009883198
112,TMF002,2,1,MAT,6782.0,2023-12-07,0.0,480.0,10176.0,0.6664701257861635
113,TMF002,2,1,VES,6220.0,2023-12-07,0.0,480.0,10176.0,0.6112421383647799
114,TMF002,2,1,NOT,7328.0,2023-12-08,60.0,420.0,8904.0,0.8230008984725966
115,TMF002,2,1,MAT,5010.0,2023-12-08,60.0,420.0,8904.0,0.5626684636118598
116,TMF002,2,1,VES,5936.0,2023-12-08,60.0,420.0,8904.0,0.6666666666666666
117,TMF002,2,1,NOT,6318.0,2023-12-09,0.0,480.0,10176.0,0.620872641509434
118,TMF002,2,1,MAT,5478.0,2023-12-09,60.0,420.0,8904.0,0.6152291105121294
119,TMF002,2,1,VES,220.0,2023-12-09,0.0,480.0,10176.0,0.02161949685534591
120,TMF002,2,1,NOT,0.0,2023-12-10,0.0,480.0,10176.0,0.0
121,TMF002,2,1,MAT,0.0,2023-12-10,0.0,480.0,10176.0,0.0
122,TMF002,2,1,VES,0.0,2023-12-10,0.0,480.0,10176.0,0.0
123,TMF002,2,1,NOT,7914.0,2023-12-11,0.0,480.0,10176.0,0.7777122641509434
124,TMF002,2,1,MAT,5646.0,2023-12-11,60.0,420.0,8904.0,0.6340970350404312
125,TMF002,2,1,VES,5914.0,2023-12-11,60.0,420.0,8904.0,0.6641958670260557
126,TMF002,2,1,NOT,7826.0,2023-12-12,60.0,420.0,8904.0,0.8789308176100629
127,TMF002,2,1,MAT,6002.0,2023-12-12,0.0,480.0,10176.0,0.5898191823899371
128,TMF002,2,1,VES,6438.0,2023-12-12,60.0,420.0,8904.0,0.7230458221024259
129,TMF002,2,1,NOT,7916.0,2023-12-13,0.0,480.0,10176.0,0.7779088050314465
130,TMF002,2,1,MAT,5920.0,2023-12-13,60.0,420.0,8904.0,0.6648697214734951
131,TMF002,2,1,VES,5472.0,2023-12-13,60.0,420.0,8904.0,0.6145552560646901
132,TMF002,2,1,NOT,6944.0,2023-12-14,0.0,480.0,10176.0,0.6823899371069182
133,TMF002,2,1,MAT,5502.0,2023-12-14,60.0,420.0,8904.0,0.6179245283018868
134,TMF002,2,1,VES,8170.0,2023-12-14,0.0,480.0,10176.0,0.8028694968553459
135,TMF002,2,1,NOT,7048.0,2023-12-15,0.0,480.0,10176.0,0.6926100628930818
136,TMF002,2,1,MAT,5596.0,2023-12-15,60.0,420.0,8904.0,0.62848158131177
137,TMF002,2,1,VES,5114.0,2023-12-15,60.0,420.0,8904.0,0.5743486073674753
138,TMF002,2,1,NOT,7094.0,2023-12-16,0.0,480.0,10176.0,0.6971305031446541
139,TMF002,2,1,MAT,4840.0,2023-12-16,0.0,480.0,10176.0,0.47562893081761004
140,TMF002,2,1,VES,0.0,2023-12-16,0.0,480.0,10176.0,0.0
141,TMF002,2,1,NOT,0.0,2023-12-17,0.0,480.0,10176.0,0.0
142,TMF002,2,1,MAT,0.0,2023-12-17,0.0,480.0,10176.0,0.0
143,TMF002,2,1,VES,0.0,2023-12-17,0.0,480.0,10176.0,0.0
144,TMF002,2,1,NOT,3462.0,2023-12-18,60.0,420.0,8904.0,0.3888140161725067
145,TMF002,2,1,MAT,4326.0,2023-12-18,0.0,480.0,10176.0,0.4251179245283019
146,TMF002,2,1,VES,3990.0,2023-12-18,60.0,420.0,8904.0,0.4481132075471698
147,TMF002,2,1,NOT,4208.0,2023-12-19,0.0,480.0,10176.0,0.41352201257861637
148,TMF002,2,1,MAT,6476.0,2023-12-19,60.0,420.0,8904.0,0.7273135669362084
149,TMF002,2,1,VES,5842.0,2023-12-19,60.0,420.0,8904.0,0.6561096136567834
150,TMF002,2,1,NOT,8436.0,2023-12-20,0.0,480.0,10176.0,0.8290094339622641
151,TMF002,2,1,MAT,7012.0,2023-12-20,60.0,420.0,8904.0,0.7875112309074573
152,TMF002,2,1,VES,3750.0,2023-12-20,60.0,420.0,8904.0,0.4211590296495957
153,TMF002,2,1,NOT,5300.0,2023-12-21,0.0,480.0,10176.0,0.5208333333333334
154,TMF002,2,1,MAT,7016.0,2023-12-21,60.0,420.0,8904.0,0.7879604672057502
155,TMF002,2,1,VES,5490.0,2023-12-21,60.0,420.0,8904.0,0.616576819407008
156,TMF002,2,1,NOT,7748.0,2023-12-22,0.0,480.0,10176.0,0.7613993710691824
157,TMF002,2,1,MAT,6944.0,2023-12-22,60.0,420.0,8904.0,0.779874213836478
158,TMF002,2,1,VES,5874.0,2023-12-22,60.0,420.0,8904.0,0.6597035040431267
159,TMF002,2,1,NOT,7504.0,2023-12-23,0.0,480.0,10176.0,0.7374213836477987
160,TMF002,2,1,MAT,6282.0,2023-12-23,60.0,420.0,8904.0,0.7055256064690026
161,TMF002,2,1,VES,2.0,2023-12-23,0.0,480.0,10176.0,0.00019654088050314466
162,TMF002,2,1,NOT,0.0,2023-12-24,0.0,480.0,10176.0,0.0
163,TMF002,2,1,MAT,0.0,2023-12-24,0.0,480.0,10176.0,0.0
164,TMF002,2,1,VES,0.0,2023-12-24,0.0,480.0,10176.0,0.0
165,TMF002,2,1,NOT,0.0,2023-12-25,0.0,480.0,10176.0,0.0
166,TMF002,2,1,MAT,0.0,2023-12-25,0.0,480.0,10176.0,0.0
167,TMF002,2,1,VES,0.0,2023-12-25,0.0,480.0,10176.0,0.0
168,TMF002,2,1,NOT,2.0,2023-12-26,0.0,480.0,10176.0,0.00019654088050314466
169,TMF002,2,1,MAT,6690.0,2023-12-26,60.0,420.0,8904.0,0.7513477088948787
170,TMF002,2,1,VES,8608.0,2023-12-26,0.0,480.0,10176.0,0.8459119496855346
171,TMF002,2,1,NOT,7326.0,2023-12-27,0.0,480.0,10176.0,0.7199292452830188
172,TMF002,2,1,MAT,4760.0,2023-12-27,0.0,480.0,10176.0,0.46776729559748426
173,TMF002,2,1,VES,6288.0,2023-12-27,60.0,420.0,8904.0,0.706199460916442
174,TMF002,2,1,NOT,8420.0,2023-12-28,0.0,480.0,10176.0,0.827437106918239
175,TMF002,2,1,MAT,6858.0,2023-12-28,60.0,420.0,8904.0,0.7702156334231806
176,TMF002,2,1,VES,6830.0,2023-12-28,60.0,420.0,8904.0,0.7670709793351302
177,TMF002,2,1,NOT,7998.0,2023-12-29,10.0,470.0,9964.0,0.8026896828582898
178,TMF002,2,1,MAT,7072.0,2023-12-29,60.0,420.0,8904.0,0.7942497753818508
179,TMF002,2,1,VES,2.0,2023-12-29,10.0,470.0,9964.0,0.0002007226013649137
180,TMF002,2,1,NOT,0.0,2023-12-30,0.0,480.0,10176.0,0.0
181,TMF002,2,1,MAT,0.0,2023-12-30,0.0,480.0,10176.0,0.0
182,TMF002,2,1,VES,0.0,2023-12-30,0.0,480.0,10176.0,0.0
183,TMF002,2,1,NOT,0.0,2023-12-31,0.0,480.0,10176.0,0.0
184,TMF002,2,1,MAT,0.0,2023-12-31,0.0,480.0,10176.0,0.0
185,TMF002,2,1,VES,0.0,2023-12-31,0.0,480.0,10176.0,0.0
186,TMF004,6,1,NOT,10194.0,2023-12-01,0.0,480.0,10176.0,1.0017688679245282
187,TMF004,6,1,MAT,7238.0,2023-12-01,0.0,480.0,10176.0,0.7112814465408805
188,TMF004,6,1,VES,6234.0,2023-12-01,60.0,420.0,8904.0,0.7001347708894878
189,TMF004,6,1,NOT,5794.0,2023-12-02,0.0,480.0,10176.0,0.56937893081761
190,TMF004,6,1,MAT,5934.0,2023-12-02,0.0,480.0,10176.0,0.5831367924528302
191,TMF004,6,1,VES,5818.0,2023-12-02,60.0,420.0,8904.0,0.6534141958670261
192,TMF004,6,1,NOT,7672.0,2023-12-03,0.0,480.0,10176.0,0.7539308176100629
193,TMF004,6,1,MAT,1614.0,2023-12-03,0.0,480.0,10176.0,0.15860849056603774
194,TMF004,6,1,VES,0.0,2023-12-03,0.0,480.0,10176.0,0.0
195,TMF004,6,1,NOT,4192.0,2023-12-04,0.0,480.0,10176.0,0.4119496855345912
196,TMF004,6,1,MAT,2836.0,2023-12-04,60.0,420.0,8904.0,0.31850853548966757
197,TMF004,6,1,VES,3592.0,2023-12-04,60.0,420.0,8904.0,0.40341419586702604
198,TMF004,6,1,NOT,8312.0,2023-12-05,0.0,480.0,10176.0,0.8168238993710691
199,TMF004,6,1,MAT,4600.0,2023-12-05,35.0,445.0,9434.0,0.48759804960780156
200,TMF004,6,1,VES,7804.0,2023-12-05,0.0,480.0,10176.0,0.7669025157232704
201,TMF004,6,1,NOT,3726.0,2023-12-06,10.0,470.0,9964.0,0.3739462063428342
202,TMF004,6,1,MAT,6556.0,2023-12-06,0.0,480.0,10176.0,0.6442610062893082
203,TMF004,6,1,VES,5184.0,2023-12-06,0.0,480.0,10176.0,0.5094339622641509
204,TMF004,6,1,NOT,6240.0,2023-12-07,60.0,420.0,8904.0,0.7008086253369272
205,TMF004,6,1,MAT,5018.0,2023-12-07,60.0,420.0,8904.0,0.5635669362084457
206,TMF004,6,1,VES,6992.0,2023-12-07,0.0,480.0,10176.0,0.6871069182389937
207,TMF004,6,1,NOT,6338.0,2023-12-08,60.0,420.0,8904.0,0.7118149146451033
208,TMF004,6,1,MAT,6934.0,2023-12-08,0.0,480.0,10176.0,0.6814072327044025
209,TMF004,6,1,VES,6670.0,2023-12-08,0.0,480.0,10176.0,0.6554638364779874
210,TMF004,6,1,NOT,16.0,2023-12-09,6.0,474.0,10048.8,0.0015922299180001593
211,TMF004,6,1,MAT,2.0,2023-12-09,0.0,480.0,10176.0,0.00019654088050314466
212,TMF004,6,1,VES,0.0,2023-12-09,0.0,480.0,10176.0,0.0
213,TMF004,6,1,NOT,0.0,2023-12-10,0.0,480.0,10176.0,0.0
214,TMF004,6,1,MAT,0.0,2023-12-10,0.0,480.0,10176.0,0.0
215,TMF004,6,1,VES,0.0,2023-12-10,0.0,480.0,10176.0,0.0
216,TMF004,6,1,NOT,4896.0,2023-12-11,0.0,480.0,10176.0,0.4811320754716981
217,TMF004,6,1,MAT,7066.0,2023-12-11,0.0,480.0,10176.0,0.69437893081761
218,TMF004,6,1,VES,6584.0,2023-12-11,0.0,480.0,10176.0,0.6470125786163522
219,TMF004,6,1,NOT,7294.0,2023-12-12,60.0,420.0,8904.0,0.8191823899371069
220,TMF004,6,1,MAT,6264.0,2023-12-12,60.0,420.0,8904.0,0.7035040431266847
221,TMF004,6,1,VES,7986.0,2023-12-12,0.0,480.0,10176.0,0.7847877358490566
222,TMF004,6,1,NOT,7776.0,2023-12-13,0.0,480.0,10176.0,0.7641509433962265
223,TMF004,6,1,MAT,5038.0,2023-12-13,0.0,480.0,10176.0,0.4950864779874214
224,TMF004,6,1,VES,7956.0,2023-12-13,0.0,480.0,10176.0,0.7818396226415094
225,TMF004,6,1,NOT,7294.0,2023-12-14,60.0,420.0,8904.0,0.8191823899371069
226,TMF004,6,1,MAT,5376.0,2023-12-14,0.0,480.0,10176.0,0.5283018867924528
227,TMF004,6,1,VES,7484.0,2023-12-14,0.0,480.0,10176.0,0.7354559748427673
228,TMF004,6,1,NOT,7788.0,2023-12-15,0.0,480.0,10176.0,0.7653301886792453
229,TMF004,6,1,MAT,7756.0,2023-12-15,0.0,480.0,10176.0,0.762185534591195
230,TMF004,6,1,VES,8316.0,2023-12-15,0.0,480.0,10176.0,0.8172169811320755
231,TMF004,6,1,NOT,6998.0,2023-12-16,0.0,480.0,10176.0,0.6876965408805031
232,TMF004,6,1,MAT,4094.0,2023-12-16,0.0,480.0,10176.0,0.4023191823899371
233,TMF004,6,1,VES,2.0,2023-12-16,0.0,480.0,10176.0,0.00019654088050314466
234,TMF004,6,1,NOT,0.0,2023-12-17,0.0,480.0,10176.0,0.0
235,TMF004,6,1,MAT,0.0,2023-12-17,0.0,480.0,10176.0,0.0
236,TMF004,6,1,VES,0.0,2023-12-17,0.0,480.0,10176.0,0.0
237,TMF004,6,1,NOT,4760.0,2023-12-18,60.0,420.0,8904.0,0.5345911949685535
238,TMF004,6,1,MAT,5556.0,2023-12-18,0.0,480.0,10176.0,0.5459905660377359
239,TMF004,6,1,VES,3730.0,2023-12-18,0.0,480.0,10176.0,0.3665487421383648
240,TMF004,6,1,NOT,4110.0,2023-12-19,70.0,410.0,8692.0,0.4728485964104924
241,TMF004,6,1,MAT,4968.0,2023-12-19,0.0,480.0,10176.0,0.4882075471698113
242,TMF004,6,1,VES,2290.0,2023-12-19,60.0,420.0,8904.0,0.25718778077268645
243,TMF004,6,1,NOT,5596.0,2023-12-20,0.0,480.0,10176.0,0.5499213836477987
244,TMF004,6,1,MAT,2772.0,2023-12-20,0.0,480.0,10176.0,0.27240566037735847
245,TMF004,6,1,VES,6522.0,2023-12-20,0.0,480.0,10176.0,0.6409198113207547
246,TMF004,6,1,NOT,7736.0,2023-12-21,0.0,480.0,10176.0,0.7602201257861635
247,TMF004,6,1,MAT,6776.0,2023-12-21,0.0,480.0,10176.0,0.6658805031446541
248,TMF004,6,1,VES,7466.0,2023-12-21,0.0,480.0,10176.0,0.733687106918239
249,TMF004,6,1,NOT,6806.0,2023-12-22,2.0,478.0,10133.6,0.6716270624457251
250,TMF004,6,1,MAT,6748.0,2023-12-22,50.0,430.0,9116.0,0.7402369460289601
251,TMF004,6,1,VES,6598.0,2023-12-22,0.0,480.0,10176.0,0.6483883647798742
252,TMF004,6,1,NOT,4762.0,2023-12-23,0.0,480.0,10176.0,0.4679638364779874
253,TMF004,6,1,MAT,5342.0,2023-12-23,0.0,480.0,10176.0,0.5249606918238994
254,TMF004,6,1,VES,2.0,2023-12-23,0.0,480.0,10176.0,0.00019654088050314466
255,TMF004,6,1,NOT,0.0,2023-12-24,0.0,480.0,10176.0,0.0
256,TMF004,6,1,MAT,0.0,2023-12-24,0.0,480.0,10176.0,0.0
257,TMF004,6,1,VES,0.0,2023-12-24,0.0,480.0,10176.0,0.0
258,TMF004,6,1,NOT,0.0,2023-12-25,0.0,480.0,10176.0,0.0
259,TMF004,6,1,MAT,0.0,2023-12-25,0.0,480.0,10176.0,0.0
260,TMF004,6,1,VES,0.0,2023-12-25,0.0,480.0,10176.0,0.0
261,TMF004,6,1,NOT,298.0,2023-12-26,0.0,480.0,10176.0,0.029284591194968554
262,TMF004,6,1,MAT,5952.0,2023-12-26,0.0,480.0,10176.0,0.5849056603773585
263,TMF004,6,1,VES,4974.0,2023-12-26,0.0,480.0,10176.0,0.48879716981132076
264,TMF004,6,1,NOT,7584.0,2023-12-27,0.0,480.0,10176.0,0.7452830188679245
265,TMF004,6,1,MAT,8280.0,2023-12-27,0.0,480.0,10176.0,0.8136792452830188
266,TMF004,6,1,VES,9266.0,2023-12-27,0.0,480.0,10176.0,0.9105738993710691
267,TMF004,6,1,NOT,7980.0,2023-12-28,0.0,480.0,10176.0,0.7841981132075472
268,TMF004,6,1,MAT,8996.0,2023-12-28,0.0,480.0,10176.0,0.8840408805031447
269,TMF004,6,1,VES,8212.0,2023-12-28,0.0,480.0,10176.0,0.8069968553459119
270,TMF004,6,1,NOT,5864.0,2023-12-29,60.0,420.0,8904.0,0.6585804132973945
271,TMF004,6,1,MAT,9008.0,2023-12-29,0.0,480.0,10176.0,0.8852201257861635
272,TMF004,6,1,VES,98.0,2023-12-29,0.0,480.0,10176.0,0.009630503144654088
273,TMF004,6,1,NOT,0.0,2023-12-30,0.0,480.0,10176.0,0.0
274,TMF004,6,1,MAT,0.0,2023-12-30,0.0,480.0,10176.0,0.0
275,TMF004,6,1,VES,0.0,2023-12-30,0.0,480.0,10176.0,0.0
276,TMF004,6,1,NOT,0.0,2023-12-31,0.0,480.0,10176.0,0.0
277,TMF004,6,1,MAT,0.0,2023-12-31,0.0,480.0,10176.0,0.0
278,TMF004,6,1,VES,0.0,2023-12-31,0.0,480.0,10176.0,0.0
279,TMF005,1,1,NOT,5964.0,2023-12-01,0.0,480.0,10176.0,0.5860849056603774
280,TMF005,1,1,MAT,4854.0,2023-12-01,60.0,420.0,8904.0,0.5451482479784366
281,TMF005,1,1,VES,7010.0,2023-12-01,0.0,480.0,10176.0,0.688875786163522
282,TMF005,1,1,NOT,7262.0,2023-12-02,0.0,480.0,10176.0,0.7136399371069182
283,TMF005,1,1,MAT,4988.0,2023-12-02,60.0,420.0,8904.0,0.5601976639712489
284,TMF005,1,1,VES,8632.0,2023-12-02,0.0,480.0,10176.0,0.8482704402515723
285,TMF005,1,1,NOT,8494.0,2023-12-03,0.0,480.0,10176.0,0.8347091194968553
286,TMF005,1,1,MAT,7040.0,2023-12-03,60.0,420.0,8904.0,0.7906558849955077
287,TMF005,1,1,VES,8990.0,2023-12-03,0.0,480.0,10176.0,0.8834512578616353
288,TMF005,1,1,NOT,9036.0,2023-12-04,0.0,480.0,10176.0,0.8879716981132075
289,TMF005,1,1,MAT,8272.0,2023-12-04,0.0,480.0,10176.0,0.8128930817610063
290,TMF005,1,1,VES,5858.0,2023-12-04,0.0,480.0,10176.0,0.5756682389937107
291,TMF005,1,1,NOT,8230.0,2023-12-05,0.0,480.0,10176.0,0.8087657232704403
292,TMF005,1,1,MAT,5312.0,2023-12-05,0.0,480.0,10176.0,0.5220125786163522
293,TMF005,1,1,VES,6194.0,2023-12-05,60.0,420.0,8904.0,0.6956424079065588
294,TMF005,1,1,NOT,8390.0,2023-12-06,0.0,480.0,10176.0,0.8244889937106918
295,TMF005,1,1,MAT,5560.0,2023-12-06,60.0,420.0,8904.0,0.6244384546271339
296,TMF005,1,1,VES,4988.0,2023-12-06,60.0,420.0,8904.0,0.5601976639712489
297,TMF005,1,1,NOT,7206.0,2023-12-07,60.0,420.0,8904.0,0.8092991913746631
298,TMF005,1,1,MAT,4780.0,2023-12-07,0.0,480.0,10176.0,0.46973270440251574
299,TMF005,1,1,VES,6266.0,2023-12-07,0.0,480.0,10176.0,0.6157625786163522
300,TMF005,1,1,NOT,7344.0,2023-12-08,60.0,420.0,8904.0,0.8247978436657682
301,TMF005,1,1,MAT,4952.0,2023-12-08,60.0,420.0,8904.0,0.5561545372866128
302,TMF005,1,1,VES,6406.0,2023-12-08,60.0,420.0,8904.0,0.7194519317160827
303,TMF005,1,1,NOT,7110.0,2023-12-09,0.0,480.0,10176.0,0.6987028301886793
304,TMF005,1,1,MAT,5632.0,2023-12-09,60.0,420.0,8904.0,0.6325247079964061
305,TMF005,1,1,VES,208.0,2023-12-09,0.0,480.0,10176.0,0.020440251572327043
306,TMF005,1,1,NOT,0.0,2023-12-10,0.0,480.0,10176.0,0.0
307,TMF005,1,1,MAT,0.0,2023-12-10,0.0,480.0,10176.0,0.0
308,TMF005,1,1,VES,2.0,2023-12-10,0.0,480.0,10176.0,0.00019654088050314466
309,TMF005,1,1,NOT,8278.0,2023-12-11,10.0,470.0,9964.0,0.8307908470493778
310,TMF005,1,1,MAT,6086.0,2023-12-11,60.0,420.0,8904.0,0.6835130278526504
311,TMF005,1,1,VES,6566.0,2023-12-11,60.0,420.0,8904.0,0.7374213836477987
312,TMF005,1,1,NOT,7520.0,2023-12-12,60.0,420.0,8904.0,0.8445642407906558
313,TMF005,1,1,MAT,6008.0,2023-12-12,60.0,420.0,8904.0,0.6747529200359389
314,TMF005,1,1,VES,6510.0,2023-12-12,72.0,408.0,8649.6,0.752635960044395
315,TMF005,1,1,NOT,8328.0,2023-12-13,0.0,480.0,10176.0,0.8183962264150944
316,TMF005,1,1,MAT,7406.0,2023-12-13,60.0,420.0,8904.0,0.8317610062893082
317,TMF005,1,1,VES,6402.0,2023-12-13,60.0,420.0,8904.0,0.7190026954177897
318,TMF005,1,1,NOT,7438.0,2023-12-14,0.0,480.0,10176.0,0.730935534591195
319,TMF005,1,1,MAT,4996.0,2023-12-14,60.0,420.0,8904.0,0.5610961365678346
320,TMF005,1,1,VES,8402.0,2023-12-14,0.0,480.0,10176.0,0.8256682389937107
321,TMF005,1,1,NOT,7554.0,2023-12-15,0.0,480.0,10176.0,0.7423349056603774
322,TMF005,1,1,MAT,5788.0,2023-12-15,60.0,420.0,8904.0,0.6500449236298292
323,TMF005,1,1,VES,6208.0,2023-12-15,60.0,420.0,8904.0,0.6972147349505841
324,TMF005,1,1,NOT,7772.0,2023-12-16,0.0,480.0,10176.0,0.7637578616352201
325,TMF005,1,1,MAT,5196.0,2023-12-16,0.0,480.0,10176.0,0.5106132075471698
326,TMF005,1,1,VES,0.0,2023-12-16,0.0,480.0,10176.0,0.0
327,TMF005,1,1,NOT,0.0,2023-12-17,0.0,480.0,10176.0,0.0
328,TMF005,1,1,MAT,0.0,2023-12-17,0.0,480.0,10176.0,0.0
329,TMF005,1,1,VES,16.0,2023-12-17,0.0,480.0,10176.0,0.0015723270440251573
330,TMF005,1,1,NOT,3718.0,2023-12-18,60.0,420.0,8904.0,0.41756513926325245
331,TMF005,1,1,MAT,5302.0,2023-12-18,60.0,420.0,8904.0,0.5954627133872417
332,TMF005,1,1,VES,4328.0,2023-12-18,60.0,420.0,8904.0,0.48607367475292
333,TMF005,1,1,NOT,4264.0,2023-12-19,0.0,480.0,10176.0,0.4190251572327044
334,TMF005,1,1,MAT,5762.0,2023-12-19,60.0,420.0,8904.0,0.6471248876909255
335,TMF005,1,1,VES,6900.0,2023-12-19,0.0,480.0,10176.0,0.6780660377358491
336,TMF005,1,1,NOT,8246.0,2023-12-20,0.0,480.0,10176.0,0.8103380503144654
337,TMF005,1,1,MAT,7134.0,2023-12-20,60.0,420.0,8904.0,0.8012129380053908
338,TMF005,1,1,VES,6056.0,2023-12-20,60.0,420.0,8904.0,0.6801437556154537
339,TMF005,1,1,NOT,8290.0,2023-12-21,0.0,480.0,10176.0,0.8146619496855346
340,TMF005,1,1,MAT,5412.0,2023-12-21,60.0,420.0,8904.0,0.6078167115902965
341,TMF005,1,1,VES,5120.0,2023-12-21,60.0,420.0,8904.0,0.5750224618149147
342,TMF005,1,1,NOT,7994.0,2023-12-22,0.0,480.0,10176.0,0.7855738993710691
343,TMF005,1,1,MAT,6090.0,2023-12-22,60.0,420.0,8904.0,0.6839622641509434
344,TMF005,1,1,VES,5768.0,2023-12-22,60.0,420.0,8904.0,0.6477987421383647
345,TMF005,1,1,NOT,7496.0,2023-12-23,0.0,480.0,10176.0,0.7366352201257862
346,TMF005,1,1,MAT,6764.0,2023-12-23,60.0,420.0,8904.0,0.7596585804132974
347,TMF005,1,1,VES,2.0,2023-12-23,0.0,480.0,10176.0,0.00019654088050314466
348,TMF005,1,1,NOT,0.0,2023-12-24,0.0,480.0,10176.0,0.0
349,TMF005,1,1,MAT,0.0,2023-12-24,0.0,480.0,10176.0,0.0
350,TMF005,1,1,VES,0.0,2023-12-24,0.0,480.0,10176.0,0.0
351,TMF005,1,1,NOT,0.0,2023-12-25,0.0,480.0,10176.0,0.0
352,TMF005,1,1,MAT,0.0,2023-12-25,0.0,480.0,10176.0,0.0
353,TMF005,1,1,VES,0.0,2023-12-25,0.0,480.0,10176.0,0.0
354,TMF005,1,1,NOT,0.0,2023-12-26,0.0,480.0,10176.0,0.0
355,TMF005,1,1,MAT,6436.0,2023-12-26,60.0,420.0,8904.0,0.7228212039532794
356,TMF005,1,1,VES,8842.0,2023-12-26,0.0,480.0,10176.0,0.8689072327044025
357,TMF005,1,1,NOT,7228.0,2023-12-27,0.0,480.0,10176.0,0.7102987421383647
358,TMF005,1,1,MAT,6888.0,2023-12-27,60.0,420.0,8904.0,0.7735849056603774
359,TMF005,1,1,VES,6348.0,2023-12-27,60.0,420.0,8904.0,0.7129380053908356
360,TMF005,1,1,NOT,6932.0,2023-12-28,0.0,480.0,10176.0,0.6812106918238994
361,TMF005,1,1,MAT,7022.0,2023-12-28,60.0,420.0,8904.0,0.7886343216531896
362,TMF005,1,1,VES,6636.0,2023-12-28,60.0,420.0,8904.0,0.7452830188679245
363,TMF005,1,1,NOT,7956.0,2023-12-29,10.0,470.0,9964.0,0.7984745082296266
364,TMF005,1,1,MAT,7462.0,2023-12-29,60.0,420.0,8904.0,0.8380503144654088
365,TMF005,1,1,VES,10.0,2023-12-29,0.0,480.0,10176.0,0.0009827044025157233
366,TMF005,1,1,NOT,0.0,2023-12-30,0.0,480.0,10176.0,0.0
367,TMF005,1,1,MAT,0.0,2023-12-30,0.0,480.0,10176.0,0.0
368,TMF005,1,1,VES,0.0,2023-12-30,0.0,480.0,10176.0,0.0
369,TMF005,1,1,NOT,0.0,2023-12-31,0.0,480.0,10176.0,0.0
370,TMF005,1,1,MAT,0.0,2023-12-31,0.0,480.0,10176.0,0.0
371,TMF005,1,1,VES,0.0,2023-12-31,0.0,480.0,10176.0,0.0
372,TMF006,10,2,NOT,6672.0,2023-12-01,60.0,420.0,8904.0,0.7493261455525606
373,TMF006,10,2,MAT,8130.0,2023-12-01,0.0,480.0,10176.0,0.7989386792452831
374,TMF006,10,2,VES,6270.0,2023-12-01,15.0,465.0,9858.0,0.6360316494217894
375,TMF006,10,2,NOT,8582.0,2023-12-02,15.0,465.0,9858.0,0.8705619801176709
376,TMF006,10,2,MAT,7018.0,2023-12-02,60.0,420.0,8904.0,0.7881850853548967
377,TMF006,10,2,VES,8460.0,2023-12-02,0.0,480.0,10176.0,0.8313679245283019
378,TMF006,10,2,NOT,6650.0,2023-12-03,60.0,420.0,8904.0,0.7468553459119497
379,TMF006,10,2,MAT,6726.0,2023-12-03,70.0,410.0,8692.0,0.7738150023009664
380,TMF006,10,2,VES,5460.0,2023-12-03,60.0,420.0,8904.0,0.6132075471698113
381,TMF006,10,2,NOT,7878.0,2023-12-04,0.0,480.0,10176.0,0.7741745283018868
382,TMF006,10,2,MAT,6480.0,2023-12-04,60.0,420.0,8904.0,0.7277628032345014
383,TMF006,10,2,VES,8002.0,2023-12-04,0.0,480.0,10176.0,0.7863600628930818
384,TMF006,10,2,NOT,6246.0,2023-12-05,60.0,420.0,8904.0,0.7014824797843666
385,TMF006,10,2,MAT,5638.0,2023-12-05,60.0,420.0,8904.0,0.6331985624438454
386,TMF006,10,2,VES,8104.0,2023-12-05,0.0,480.0,10176.0,0.7963836477987422
387,TMF006,10,2,NOT,6920.0,2023-12-06,60.0,420.0,8904.0,0.7771787960467206
388,TMF006,10,2,MAT,5612.0,2023-12-06,0.0,480.0,10176.0,0.5514937106918238
389,TMF006,10,2,VES,7350.0,2023-12-06,0.0,480.0,10176.0,0.7222877358490566
390,TMF006,10,2,NOT,6498.0,2023-12-07,0.0,480.0,10176.0,0.6385613207547169
391,TMF006,10,2,MAT,6986.0,2023-12-07,75.0,405.0,8586.0,0.8136501281155369
392,TMF006,10,2,VES,3956.0,2023-12-07,0.0,480.0,10176.0,0.38875786163522014
393,TMF006,10,2,NOT,7818.0,2023-12-08,0.0,480.0,10176.0,0.7682783018867925
394,TMF006,10,2,MAT,6906.0,2023-12-08,75.0,405.0,8586.0,0.8043326345213138
395,TMF006,10,2,VES,8116.0,2023-12-08,0.0,480.0,10176.0,0.797562893081761
396,TMF006,10,2,NOT,6726.0,2023-12-09,60.0,420.0,8904.0,0.7553908355795148
397,TMF006,10,2,MAT,6568.0,2023-12-09,60.0,420.0,8904.0,0.7376460017969452
398,TMF006,10,2,VES,0.0,2023-12-09,0.0,480.0,10176.0,0.0
399,TMF006,10,2,NOT,0.0,2023-12-10,0.0,480.0,10176.0,0.0
400,TMF006,10,2,MAT,0.0,2023-12-10,0.0,480.0,10176.0,0.0
401,TMF006,10,2,VES,4.0,2023-12-10,0.0,480.0,10176.0,0.00039308176100628933
402,TMF006,10,2,NOT,3936.0,2023-12-11,0.0,480.0,10176.0,0.3867924528301887
403,TMF006,10,2,MAT,5992.0,2023-12-11,20.0,460.0,9752.0,0.6144380639868745
404,TMF006,10,2,VES,5454.0,2023-12-11,60.0,420.0,8904.0,0.612533692722372
405,TMF006,10,2,NOT,6728.0,2023-12-12,60.0,420.0,8904.0,0.7556154537286612
406,TMF006,10,2,MAT,7558.0,2023-12-12,60.0,420.0,8904.0,0.8488319856244384
407,TMF006,10,2,VES,7328.0,2023-12-12,60.0,420.0,8904.0,0.8230008984725966
408,TMF006,10,2,NOT,6876.0,2023-12-13,60.0,420.0,8904.0,0.7722371967654986
409,TMF006,10,2,MAT,7582.0,2023-12-13,60.0,420.0,8904.0,0.8515274034141959
410,TMF006,10,2,VES,8482.0,2023-12-13,0.0,480.0,10176.0,0.8335298742138365
411,TMF006,10,2,NOT,6656.0,2023-12-14,60.0,420.0,8904.0,0.7475292003593891
412,TMF006,10,2,MAT,7530.0,2023-12-14,60.0,420.0,8904.0,0.8456873315363881
413,TMF006,10,2,VES,6336.0,2023-12-14,60.0,420.0,8904.0,0.7115902964959568
414,TMF006,10,2,NOT,6802.0,2023-12-15,0.0,480.0,10176.0,0.668435534591195
415,TMF006,10,2,MAT,7466.0,2023-12-15,0.0,480.0,10176.0,0.733687106918239
416,TMF006,10,2,VES,8446.0,2023-12-15,0.0,480.0,10176.0,0.8299921383647799
417,TMF006,10,2,NOT,7938.0,2023-12-16,60.0,420.0,8904.0,0.8915094339622641
418,TMF006,10,2,MAT,6704.0,2023-12-16,60.0,420.0,8904.0,0.7529200359389039
419,TMF006,10,2,VES,12.0,2023-12-16,0.0,480.0,10176.0,0.0011792452830188679
420,TMF006,10,2,NOT,0.0,2023-12-17,0.0,480.0,10176.0,0.0
421,TMF006,10,2,MAT,0.0,2023-12-17,0.0,480.0,10176.0,0.0
422,TMF006,10,2,VES,0.0,2023-12-17,0.0,480.0,10176.0,0.0
423,TMF006,10,2,NOT,3588.0,2023-12-18,15.0,465.0,9858.0,0.3639683505782106
424,TMF006,10,2,MAT,4074.0,2023-12-18,60.0,420.0,8904.0,0.45754716981132076
425,TMF006,10,2,VES,4310.0,2023-12-18,0.0,480.0,10176.0,0.4235455974842767
426,TMF006,10,2,NOT,3340.0,2023-12-19,60.0,420.0,8904.0,0.3751123090745732
427,TMF006,10,2,MAT,7336.0,2023-12-19,60.0,420.0,8904.0,0.8238993710691824
428,TMF006,10,2,VES,5920.0,2023-12-19,60.0,420.0,8904.0,0.6648697214734951
429,TMF006,10,2,NOT,7128.0,2023-12-20,60.0,420.0,8904.0,0.8005390835579514
430,TMF006,10,2,MAT,7592.0,2023-12-20,60.0,420.0,8904.0,0.8526504941599281
431,TMF006,10,2,VES,7864.0,2023-12-20,0.0,480.0,10176.0,0.7727987421383647
432,TMF006,10,2,NOT,8016.0,2023-12-21,60.0,420.0,8904.0,0.9002695417789758
433,TMF006,10,2,MAT,7622.0,2023-12-21,60.0,420.0,8904.0,0.8560197663971248
434,TMF006,10,2,VES,6356.0,2023-12-21,0.0,480.0,10176.0,0.6246069182389937
435,TMF006,10,2,NOT,6576.0,2023-12-22,62.0,418.0,8861.6,0.7420781800126388
436,TMF006,10,2,MAT,6742.0,2023-12-22,60.0,420.0,8904.0,0.7571877807726864
437,TMF006,10,2,VES,6810.0,2023-12-22,0.0,480.0,10176.0,0.6692216981132075
438,TMF006,10,2,NOT,6670.0,2023-12-23,60.0,420.0,8904.0,0.7491015274034142
439,TMF006,10,2,MAT,7526.0,2023-12-23,60.0,420.0,8904.0,0.8452380952380952
440,TMF006,10,2,VES,2.0,2023-12-23,0.0,480.0,10176.0,0.00019654088050314466
441,TMF006,10,2,NOT,0.0,2023-12-24,0.0,480.0,10176.0,0.0
442,TMF006,10,2,MAT,0.0,2023-12-24,0.0,480.0,10176.0,0.0
443,TMF006,10,2,VES,0.0,2023-12-24,0.0,480.0,10176.0,0.0
444,TMF006,10,2,NOT,0.0,2023-12-25,0.0,480.0,10176.0,0.0
445,TMF006,10,2,MAT,0.0,2023-12-25,0.0,480.0,10176.0,0.0
446,TMF006,10,2,VES,0.0,2023-12-25,0.0,480.0,10176.0,0.0
447,TMF006,10,2,NOT,0.0,2023-12-26,0.0,480.0,10176.0,0.0
448,TMF006,10,2,MAT,5342.0,2023-12-26,60.0,420.0,8904.0,0.5999550763701708
449,TMF006,10,2,VES,4188.0,2023-12-26,15.0,465.0,9858.0,0.42483262325015214
450,TMF006,10,2,NOT,5640.0,2023-12-27,60.0,420.0,8904.0,0.633423180592992
451,TMF006,10,2,MAT,7434.0,2023-12-27,0.0,480.0,10176.0,0.7305424528301887
452,TMF006,10,2,VES,8340.0,2023-12-27,0.0,480.0,10176.0,0.8195754716981132
453,TMF006,10,2,NOT,5172.0,2023-12-28,60.0,420.0,8904.0,0.5808625336927223
454,TMF006,10,2,MAT,7290.0,2023-12-28,60.0,420.0,8904.0,0.818733153638814
455,TMF006,10,2,VES,6158.0,2023-12-28,60.0,420.0,8904.0,0.6915992812219227
456,TMF006,10,2,NOT,6628.0,2023-12-29,68.0,412.0,8734.4,0.7588386151309764
457,TMF006,10,2,MAT,5866.0,2023-12-29,60.0,420.0,8904.0,0.6588050314465409
458,TMF006,10,2,VES,2.0,2023-12-29,0.0,480.0,10176.0,0.00019654088050314466
459,TMF006,10,2,NOT,0.0,2023-12-30,0.0,480.0,10176.0,0.0
460,TMF006,10,2,MAT,0.0,2023-12-30,0.0,480.0,10176.0,0.0
461,TMF006,10,2,VES,0.0,2023-12-30,0.0,480.0,10176.0,0.0
462,TMF006,10,2,NOT,0.0,2023-12-31,0.0,480.0,10176.0,0.0
463,TMF006,10,2,MAT,0.0,2023-12-31,0.0,480.0,10176.0,0.0
464,TMF006,10,2,VES,0.0,2023-12-31,0.0,480.0,10176.0,0.0
465,TMF007,13,2,NOT,6896.0,2023-12-01,60.0,420.0,8904.0,0.7744833782569631
466,TMF007,13,2,MAT,5568.0,2023-12-01,60.0,420.0,8904.0,0.6253369272237197
467,TMF007,13,2,VES,7408.0,2023-12-01,15.0,465.0,9858.0,0.751470886589572
468,TMF007,13,2,NOT,7360.0,2023-12-02,15.0,465.0,9858.0,0.7466017447758166
469,TMF007,13,2,MAT,7056.0,2023-12-02,60.0,420.0,8904.0,0.7924528301886793
470,TMF007,13,2,VES,6274.0,2023-12-02,0.0,480.0,10176.0,0.6165487421383647
471,TMF007,13,2,NOT,8782.0,2023-12-03,0.0,480.0,10176.0,0.8630110062893082
472,TMF007,13,2,MAT,38.0,2023-12-03,0.0,480.0,10176.0,0.0037342767295597485
473,TMF007,13,2,VES,8290.0,2023-12-03,0.0,480.0,10176.0,0.8146619496855346
474,TMF007,13,2,NOT,7318.0,2023-12-04,60.0,420.0,8904.0,0.8218778077268644
475,TMF007,13,2,MAT,7106.0,2023-12-04,60.0,420.0,8904.0,0.7980682839173405
476,TMF007,13,2,VES,6152.0,2023-12-04,60.0,420.0,8904.0,0.6909254267744834
477,TMF007,13,2,NOT,9256.0,2023-12-05,0.0,480.0,10176.0,0.9095911949685535
478,TMF007,13,2,MAT,6286.0,2023-12-05,60.0,420.0,8904.0,0.7059748427672956
479,TMF007,13,2,VES,5456.0,2023-12-05,60.0,420.0,8904.0,0.6127583108715184
480,TMF007,13,2,NOT,9576.0,2023-12-06,0.0,480.0,10176.0,0.9410377358490566
481,TMF007,13,2,MAT,5950.0,2023-12-06,60.0,420.0,8904.0,0.6682389937106918
482,TMF007,13,2,VES,5814.0,2023-12-06,60.0,420.0,8904.0,0.6529649595687331
483,TMF007,13,2,NOT,9420.0,2023-12-07,0.0,480.0,10176.0,0.9257075471698113
484,TMF007,13,2,MAT,8802.0,2023-12-07,12.0,468.0,9921.6,0.887155297532656
485,TMF007,13,2,VES,6694.0,2023-12-07,60.0,420.0,8904.0,0.7517969451931716
486,TMF007,13,2,NOT,9548.0,2023-12-08,0.0,480.0,10176.0,0.9382861635220126
487,TMF007,13,2,MAT,9050.0,2023-12-08,0.0,480.0,10176.0,0.8893474842767296
488,TMF007,13,2,VES,6626.0,2023-12-08,60.0,420.0,8904.0,0.7441599281221922
489,TMF007,13,2,NOT,8832.0,2023-12-09,0.0,480.0,10176.0,0.8679245283018868
490,TMF007,13,2,MAT,2302.0,2023-12-09,70.0,410.0,8692.0,0.26484123331799353
491,TMF007,13,2,VES,0.0,2023-12-09,0.0,480.0,10176.0,0.0
492,TMF007,13,2,NOT,0.0,2023-12-10,0.0,480.0,10176.0,0.0
493,TMF007,13,2,MAT,0.0,2023-12-10,0.0,480.0,10176.0,0.0
494,TMF007,13,2,VES,0.0,2023-12-10,0.0,480.0,10176.0,0.0
495,TMF007,13,2,NOT,9830.0,2023-12-11,0.0,480.0,10176.0,0.965998427672956
496,TMF007,13,2,MAT,6036.0,2023-12-11,0.0,480.0,10176.0,0.5931603773584906
497,TMF007,13,2,VES,9072.0,2023-12-11,0.0,480.0,10176.0,0.8915094339622641
498,TMF007,13,2,NOT,8132.0,2023-12-12,0.0,480.0,10176.0,0.7991352201257862
499,TMF007,13,2,MAT,7574.0,2023-12-12,60.0,420.0,8904.0,0.85062893081761
500,TMF007,13,2,VES,8484.0,2023-12-12,0.0,480.0,10176.0,0.8337264150943396
501,TMF007,13,2,NOT,9884.0,2023-12-13,0.0,480.0,10176.0,0.9713050314465409
502,TMF007,13,2,MAT,8254.0,2023-12-13,60.0,420.0,8904.0,0.9269991015274034
503,TMF007,13,2,VES,6524.0,2023-12-13,60.0,420.0,8904.0,0.7327044025157232
504,TMF007,13,2,NOT,9996.0,2023-12-14,0.0,480.0,10176.0,0.9823113207547169
505,TMF007,13,2,MAT,7654.0,2023-12-14,60.0,420.0,8904.0,0.8596136567834681
506,TMF007,13,2,VES,9530.0,2023-12-14,0.0,480.0,10176.0,0.9365172955974843
507,TMF007,13,2,NOT,9650.0,2023-12-15,0.0,480.0,10176.0,0.9483097484276729
508,TMF007,13,2,MAT,7596.0,2023-12-15,60.0,420.0,8904.0,0.8530997304582211
509,TMF007,13,2,VES,6702.0,2023-12-15,0.0,480.0,10176.0,0.6586084905660378
510,TMF007,13,2,NOT,7600.0,2023-12-16,0.0,480.0,10176.0,0.7468553459119497
511,TMF007,13,2,MAT,7382.0,2023-12-16,60.0,420.0,8904.0,0.8290655884995508
512,TMF007,13,2,VES,0.0,2023-12-16,0.0,480.0,10176.0,0.0
513,TMF007,13,2,NOT,0.0,2023-12-17,0.0,480.0,10176.0,0.0
514,TMF007,13,2,MAT,0.0,2023-12-17,0.0,480.0,10176.0,0.0
515,TMF007,13,2,VES,4.0,2023-12-17,0.0,480.0,10176.0,0.00039308176100628933
516,TMF007,13,2,NOT,6340.0,2023-12-18,0.0,480.0,10176.0,0.6230345911949685
517,TMF007,13,2,MAT,4806.0,2023-12-18,60.0,420.0,8904.0,0.5397574123989218
518,TMF007,13,2,VES,4326.0,2023-12-18,60.0,420.0,8904.0,0.4858490566037736
519,TMF007,13,2,NOT,5572.0,2023-12-19,0.0,480.0,10176.0,0.547562893081761
520,TMF007,13,2,MAT,7298.0,2023-12-19,60.0,420.0,8904.0,0.8196316262353999
521,TMF007,13,2,VES,9504.0,2023-12-19,0.0,480.0,10176.0,0.9339622641509434
522,TMF007,13,2,NOT,9204.0,2023-12-20,0.0,480.0,10176.0,0.9044811320754716
523,TMF007,13,2,MAT,6758.0,2023-12-20,60.0,420.0,8904.0,0.7589847259658581
524,TMF007,13,2,VES,6568.0,2023-12-20,60.0,420.0,8904.0,0.7376460017969452
525,TMF007,13,2,NOT,7872.0,2023-12-21,0.0,480.0,10176.0,0.7735849056603774
526,TMF007,13,2,MAT,8858.0,2023-12-21,38.0,442.0,9370.4,0.9453171689575686
527,TMF007,13,2,VES,9280.0,2023-12-21,0.0,480.0,10176.0,0.9119496855345912
528,TMF007,13,2,NOT,9752.0,2023-12-22,2.0,478.0,10133.6,0.9623430962343096
529,TMF007,13,2,MAT,7388.0,2023-12-22,2.0,478.0,10133.6,0.7290597615852215
530,TMF007,13,2,VES,8118.0,2023-12-22,0.0,480.0,10176.0,0.7977594339622641
531,TMF007,13,2,NOT,9422.0,2023-12-23,0.0,480.0,10176.0,0.9259040880503144
532,TMF007,13,2,MAT,7132.0,2023-12-23,2.0,478.0,10133.6,0.7037972684929343
533,TMF007,13,2,VES,0.0,2023-12-23,0.0,480.0,10176.0,0.0
534,TMF007,13,2,NOT,0.0,2023-12-24,0.0,480.0,10176.0,0.0
535,TMF007,13,2,MAT,0.0,2023-12-24,0.0,480.0,10176.0,0.0
536,TMF007,13,2,VES,0.0,2023-12-24,0.0,480.0,10176.0,0.0
537,TMF007,13,2,NOT,0.0,2023-12-25,0.0,480.0,10176.0,0.0
538,TMF007,13,2,MAT,0.0,2023-12-25,0.0,480.0,10176.0,0.0
539,TMF007,13,2,VES,0.0,2023-12-25,0.0,480.0,10176.0,0.0
540,TMF007,13,2,NOT,0.0,2023-12-26,0.0,480.0,10176.0,0.0
541,TMF007,13,2,MAT,7212.0,2023-12-26,60.0,420.0,8904.0,0.8099730458221024
542,TMF007,13,2,VES,8778.0,2023-12-26,15.0,465.0,9858.0,0.8904443091905052
543,TMF007,13,2,NOT,9664.0,2023-12-27,0.0,480.0,10176.0,0.949685534591195
544,TMF007,13,2,MAT,7914.0,2023-12-27,0.0,480.0,10176.0,0.7777122641509434
545,TMF007,13,2,VES,9234.0,2023-12-27,0.0,480.0,10176.0,0.9074292452830188
546,TMF007,13,2,NOT,9228.0,2023-12-28,10.0,470.0,9964.0,0.9261340826977118
547,TMF007,13,2,MAT,8972.0,2023-12-28,0.0,480.0,10176.0,0.8816823899371069
548,TMF007,13,2,VES,8848.0,2023-12-28,0.0,480.0,10176.0,0.8694968553459119
549,TMF007,13,2,NOT,9052.0,2023-12-29,10.0,470.0,9964.0,0.9084704937775994
550,TMF007,13,2,MAT,7538.0,2023-12-29,60.0,420.0,8904.0,0.8465858041329739
551,TMF007,13,2,VES,0.0,2023-12-29,0.0,480.0,10176.0,0.0
552,TMF007,13,2,NOT,0.0,2023-12-30,0.0,480.0,10176.0,0.0
553,TMF007,13,2,MAT,0.0,2023-12-30,0.0,480.0,10176.0,0.0
554,TMF007,13,2,VES,0.0,2023-12-30,0.0,480.0,10176.0,0.0
555,TMF007,13,2,NOT,0.0,2023-12-31,0.0,480.0,10176.0,0.0
556,TMF007,13,2,MAT,0.0,2023-12-31,0.0,480.0,10176.0,0.0
557,TMF007,13,2,VES,0.0,2023-12-31,0.0,480.0,10176.0,0.0
558,TMF008,9,1,NOT,8210.0,2023-12-01,0.0,480.0,10176.0,0.8068003144654088
559,TMF008,9,1,MAT,5230.0,2023-12-01,0.0,480.0,10176.0,0.5139544025157232
560,TMF008,9,1,VES,5256.0,2023-12-01,60.0,420.0,8904.0,0.5902964959568733
561,TMF008,9,1,NOT,7502.0,2023-12-02,0.0,480.0,10176.0,0.7372248427672956
562,TMF008,9,1,MAT,7578.0,2023-12-02,0.0,480.0,10176.0,0.7446933962264151
563,TMF008,9,1,VES,5420.0,2023-12-02,60.0,420.0,8904.0,0.6087151841868823
564,TMF008,9,1,NOT,528.0,2023-12-03,0.0,480.0,10176.0,0.05188679245283019
565,TMF008,9,1,MAT,4.0,2023-12-03,0.0,480.0,10176.0,0.00039308176100628933
566,TMF008,9,1,VES,4504.0,2023-12-03,60.0,420.0,8904.0,0.5058400718778078
567,TMF008,9,1,NOT,6626.0,2023-12-04,0.0,480.0,10176.0,0.6511399371069182
568,TMF008,9,1,MAT,5000.0,2023-12-04,45.0,435.0,9222.0,0.5421817393190197
569,TMF008,9,1,VES,6822.0,2023-12-04,0.0,480.0,10176.0,0.6704009433962265
570,TMF008,9,1,NOT,7532.0,2023-12-05,0.0,480.0,10176.0,0.7401729559748428
571,TMF008,9,1,MAT,8554.0,2023-12-05,0.0,480.0,10176.0,0.8406053459119497
572,TMF008,9,1,VES,7712.0,2023-12-05,0.0,480.0,10176.0,0.7578616352201258
573,TMF008,9,1,NOT,5418.0,2023-12-06,0.0,480.0,10176.0,0.5324292452830188
574,TMF008,9,1,MAT,6820.0,2023-12-06,0.0,480.0,10176.0,0.6702044025157232
575,TMF008,9,1,VES,8142.0,2023-12-06,0.0,480.0,10176.0,0.8001179245283019
576,TMF008,9,1,NOT,5974.0,2023-12-07,60.0,420.0,8904.0,0.6709344115004492
577,TMF008,9,1,MAT,6348.0,2023-12-07,60.0,420.0,8904.0,0.7129380053908356
578,TMF008,9,1,VES,7778.0,2023-12-07,0.0,480.0,10176.0,0.7643474842767296
579,TMF008,9,1,NOT,7390.0,2023-12-08,60.0,420.0,8904.0,0.8299640610961365
580,TMF008,9,1,MAT,8244.0,2023-12-08,0.0,480.0,10176.0,0.8101415094339622
581,TMF008,9,1,VES,7738.0,2023-12-08,0.0,480.0,10176.0,0.7604166666666666
582,TMF008,9,1,NOT,6608.0,2023-12-09,2.0,478.0,10133.6,0.6520881029446594
583,TMF008,9,1,MAT,8748.0,2023-12-09,0.0,480.0,10176.0,0.8596698113207547
584,TMF008,9,1,VES,230.0,2023-12-09,0.0,480.0,10176.0,0.022602201257861634
585,TMF008,9,1,NOT,0.0,2023-12-10,0.0,480.0,10176.0,0.0
586,TMF008,9,1,MAT,16.0,2023-12-10,0.0,480.0,10176.0,0.0015723270440251573
587,TMF008,9,1,VES,4.0,2023-12-10,0.0,480.0,10176.0,0.00039308176100628933
588,TMF008,9,1,NOT,9144.0,2023-12-11,0.0,480.0,10176.0,0.8985849056603774
589,TMF008,9,1,MAT,8000.0,2023-12-11,15.0,465.0,9858.0,0.8115236356258876
590,TMF008,9,1,VES,8520.0,2023-12-11,0.0,480.0,10176.0,0.8372641509433962
591,TMF008,9,1,NOT,9484.0,2023-12-12,2.0,478.0,10133.6,0.9358964237783216
592,TMF008,9,1,MAT,11556.0,2023-12-12,0.0,480.0,10176.0,1.1356132075471699
593,TMF008,9,1,VES,9864.0,2023-12-12,0.0,480.0,10176.0,0.9693396226415094
594,TMF008,9,1,NOT,11272.0,2023-12-13,0.0,480.0,10176.0,1.1077044025157232
595,TMF008,9,1,MAT,11256.0,2023-12-13,15.0,465.0,9858.0,1.1418137553256238
596,TMF008,9,1,VES,5886.0,2023-12-13,35.0,445.0,9434.0,0.6239135043459826
597,TMF008,9,1,NOT,7150.0,2023-12-14,2.0,478.0,10133.6,0.7055735375384858
598,TMF008,9,1,MAT,8702.0,2023-12-14,0.0,480.0,10176.0,0.8551493710691824
599,TMF008,9,1,VES,5436.0,2023-12-14,60.0,420.0,8904.0,0.610512129380054
600,TMF008,9,1,NOT,7076.0,2023-12-15,0.0,480.0,10176.0,0.6953616352201258
601,TMF008,9,1,MAT,6338.0,2023-12-15,0.0,480.0,10176.0,0.6228380503144654
602,TMF008,9,1,VES,8692.0,2023-12-15,0.0,480.0,10176.0,0.8541666666666666
603,TMF008,9,1,NOT,7330.0,2023-12-16,10.0,470.0,9964.0,0.7356483340024087
604,TMF008,9,1,MAT,7162.0,2023-12-16,0.0,480.0,10176.0,0.703812893081761
605,TMF008,9,1,VES,0.0,2023-12-16,0.0,480.0,10176.0,0.0
606,TMF008,9,1,NOT,2.0,2023-12-17,0.0,480.0,10176.0,0.00019654088050314466
607,TMF008,9,1,MAT,2.0,2023-12-17,0.0,480.0,10176.0,0.00019654088050314466
608,TMF008,9,1,VES,28.0,2023-12-17,0.0,480.0,10176.0,0.002751572327044025
609,TMF008,9,1,NOT,8928.0,2023-12-18,60.0,420.0,8904.0,1.0026954177897573
610,TMF008,9,1,MAT,8444.0,2023-12-18,15.0,465.0,9858.0,0.8565631974031244
611,TMF008,9,1,VES,8268.0,2023-12-18,0.0,480.0,10176.0,0.8125
612,TMF008,9,1,NOT,6840.0,2023-12-19,60.0,420.0,8904.0,0.7681940700808625
613,TMF008,9,1,MAT,9044.0,2023-12-19,0.0,480.0,10176.0,0.8887578616352201
614,TMF008,9,1,VES,6472.0,2023-12-19,0.0,480.0,10176.0,0.6360062893081762
615,TMF008,9,1,NOT,7148.0,2023-12-20,0.0,480.0,10176.0,0.702437106918239
616,TMF008,9,1,MAT,10700.0,2023-12-20,0.0,480.0,10176.0,1.0514937106918238
617,TMF008,9,1,VES,10010.0,2023-12-20,0.0,480.0,10176.0,0.983687106918239
618,TMF008,9,1,NOT,7372.0,2023-12-21,0.0,480.0,10176.0,0.7244496855345912
619,TMF008,9,1,MAT,8832.0,2023-12-21,0.0,480.0,10176.0,0.8679245283018868
620,TMF008,9,1,VES,6802.0,2023-12-21,0.0,480.0,10176.0,0.668435534591195
621,TMF008,9,1,NOT,7530.0,2023-12-22,10.0,470.0,9964.0,0.7557205941389
622,TMF008,9,1,MAT,8332.0,2023-12-22,0.0,480.0,10176.0,0.8187893081761006
623,TMF008,9,1,VES,8438.0,2023-12-22,0.0,480.0,10176.0,0.8292059748427673
624,TMF008,9,1,NOT,7282.0,2023-12-23,60.0,420.0,8904.0,0.8178346810422282
625,TMF008,9,1,MAT,5830.0,2023-12-23,60.0,420.0,8904.0,0.6547619047619048
626,TMF008,9,1,VES,2.0,2023-12-23,0.0,480.0,10176.0,0.00019654088050314466
627,TMF008,9,1,NOT,0.0,2023-12-24,0.0,480.0,10176.0,0.0
628,TMF008,9,1,MAT,0.0,2023-12-24,0.0,480.0,10176.0,0.0
629,TMF008,9,1,VES,0.0,2023-12-24,0.0,480.0,10176.0,0.0
630,TMF008,9,1,NOT,0.0,2023-12-25,0.0,480.0,10176.0,0.0
631,TMF008,9,1,MAT,0.0,2023-12-25,0.0,480.0,10176.0,0.0
632,TMF008,9,1,VES,0.0,2023-12-25,0.0,480.0,10176.0,0.0
633,TMF008,9,1,NOT,16.0,2023-12-26,0.0,480.0,10176.0,0.0015723270440251573
634,TMF008,9,1,MAT,1214.0,2023-12-26,15.0,465.0,9858.0,0.12314871170622844
635,TMF008,9,1,VES,4916.0,2023-12-26,0.0,480.0,10176.0,0.48309748427672955
636,TMF008,9,1,NOT,7700.0,2023-12-27,0.0,480.0,10176.0,0.7566823899371069
637,TMF008,9,1,MAT,6284.0,2023-12-27,0.0,480.0,10176.0,0.6175314465408805
638,TMF008,9,1,VES,5016.0,2023-12-27,15.0,465.0,9858.0,0.5088253195374315
639,TMF008,9,1,NOT,6482.0,2023-12-28,0.0,480.0,10176.0,0.6369889937106918
640,TMF008,9,1,MAT,8204.0,2023-12-28,20.0,460.0,9752.0,0.8412633305988515
641,TMF008,9,1,VES,7440.0,2023-12-28,0.0,480.0,10176.0,0.7311320754716981
642,TMF008,9,1,NOT,7084.0,2023-12-29,60.0,420.0,8904.0,0.7955974842767296
643,TMF008,9,1,MAT,7564.0,2023-12-29,0.0,480.0,10176.0,0.7433176100628931
644,TMF008,9,1,VES,12.0,2023-12-29,0.0,480.0,10176.0,0.0011792452830188679
645,TMF008,9,1,NOT,0.0,2023-12-30,0.0,480.0,10176.0,0.0
646,TMF008,9,1,MAT,0.0,2023-12-30,0.0,480.0,10176.0,0.0
647,TMF008,9,1,VES,0.0,2023-12-30,0.0,480.0,10176.0,0.0
648,TMF008,9,1,NOT,0.0,2023-12-31,0.0,480.0,10176.0,0.0
649,TMF008,9,1,MAT,0.0,2023-12-31,0.0,480.0,10176.0,0.0
650,TMF008,9,1,VES,0.0,2023-12-31,0.0,480.0,10176.0,0.0
651,TMF009,7,1,NOT,10340.0,2023-12-01,0.0,480.0,10176.0,1.016116352201258
652,TMF009,7,1,MAT,9480.0,2023-12-01,0.0,480.0,10176.0,0.9316037735849056
653,TMF009,7,1,VES,6456.0,2023-12-01,0.0,480.0,10176.0,0.6344339622641509
654,TMF009,7,1,NOT,5014.0,2023-12-02,0.0,480.0,10176.0,0.49272798742138363
655,TMF009,7,1,MAT,8670.0,2023-12-02,0.0,480.0,10176.0,0.8520047169811321
656,TMF009,7,1,VES,6398.0,2023-12-02,60.0,420.0,8904.0,0.7185534591194969
657,TMF009,7,1,NOT,7178.0,2023-12-03,0.0,480.0,10176.0,0.7053852201257862
658,TMF009,7,1,MAT,5670.0,2023-12-03,0.0,480.0,10176.0,0.5571933962264151
659,TMF009,7,1,VES,4978.0,2023-12-03,60.0,420.0,8904.0,0.5590745732255166
660,TMF009,7,1,NOT,7208.0,2023-12-04,0.0,480.0,10176.0,0.7083333333333334
661,TMF009,7,1,MAT,5926.0,2023-12-04,4.0,476.0,10091.199999999999,0.5872443316949422
662,TMF009,7,1,VES,4272.0,2023-12-04,10.0,470.0,9964.0,0.42874347651545563
663,TMF009,7,1,NOT,6650.0,2023-12-05,0.0,480.0,10176.0,0.653498427672956
664,TMF009,7,1,MAT,6022.0,2023-12-05,0.0,480.0,10176.0,0.5917845911949685
665,TMF009,7,1,VES,5408.0,2023-12-05,6.0,474.0,10048.8,0.5381737122840539
666,TMF009,7,1,NOT,8302.0,2023-12-06,0.0,480.0,10176.0,0.8158411949685535
667,TMF009,7,1,MAT,9470.0,2023-12-06,0.0,480.0,10176.0,0.93062106918239
668,TMF009,7,1,VES,9010.0,2023-12-06,0.0,480.0,10176.0,0.8854166666666666
669,TMF009,7,1,NOT,8136.0,2023-12-07,0.0,480.0,10176.0,0.7995283018867925
670,TMF009,7,1,MAT,5204.0,2023-12-07,0.0,480.0,10176.0,0.5113993710691824
671,TMF009,7,1,VES,8506.0,2023-12-07,0.0,480.0,10176.0,0.8358883647798742
672,TMF009,7,1,NOT,8240.0,2023-12-08,60.0,420.0,8904.0,0.9254267744833783
673,TMF009,7,1,MAT,7712.0,2023-12-08,60.0,420.0,8904.0,0.8661275831087152
674,TMF009,7,1,VES,8906.0,2023-12-08,8.0,472.0,10006.4,0.8900303805564439
675,TMF009,7,1,NOT,7200.0,2023-12-09,10.0,470.0,9964.0,0.7226013649136893
676,TMF009,7,1,MAT,9294.0,2023-12-09,0.0,480.0,10176.0,0.9133254716981132
677,TMF009,7,1,VES,350.0,2023-12-09,0.0,480.0,10176.0,0.034394654088050314
678,TMF009,7,1,NOT,0.0,2023-12-10,0.0,480.0,10176.0,0.0
679,TMF009,7,1,MAT,0.0,2023-12-10,0.0,480.0,10176.0,0.0
680,TMF009,7,1,VES,0.0,2023-12-10,0.0,480.0,10176.0,0.0
681,TMF009,7,1,NOT,5710.0,2023-12-11,10.0,470.0,9964.0,0.5730630268968285
682,TMF009,7,1,MAT,8444.0,2023-12-11,15.0,465.0,9858.0,0.8565631974031244
683,TMF009,7,1,VES,8118.0,2023-12-11,0.0,480.0,10176.0,0.7977594339622641
684,TMF009,7,1,NOT,7828.0,2023-12-12,60.0,420.0,8904.0,0.8791554357592093
685,TMF009,7,1,MAT,9180.0,2023-12-12,0.0,480.0,10176.0,0.902122641509434
686,TMF009,7,1,VES,9068.0,2023-12-12,0.0,480.0,10176.0,0.8911163522012578
687,TMF009,7,1,NOT,8772.0,2023-12-13,0.0,480.0,10176.0,0.8620283018867925
688,TMF009,7,1,MAT,9036.0,2023-12-13,15.0,465.0,9858.0,0.91661594643944
689,TMF009,7,1,VES,9164.0,2023-12-13,4.0,476.0,10091.199999999999,0.9081179641667989
690,TMF009,7,1,NOT,8028.0,2023-12-14,60.0,420.0,8904.0,0.9016172506738545
691,TMF009,7,1,MAT,9478.0,2023-12-14,0.0,480.0,10176.0,0.9314072327044025
692,TMF009,7,1,VES,7264.0,2023-12-14,0.0,480.0,10176.0,0.7138364779874213
693,TMF009,7,1,NOT,8636.0,2023-12-15,0.0,480.0,10176.0,0.8486635220125787
694,TMF009,7,1,MAT,6870.0,2023-12-15,0.0,480.0,10176.0,0.6751179245283019
695,TMF009,7,1,VES,7506.0,2023-12-15,0.0,480.0,10176.0,0.7376179245283019
696,TMF009,7,1,NOT,8068.0,2023-12-16,0.0,480.0,10176.0,0.7928459119496856
697,TMF009,7,1,MAT,7926.0,2023-12-16,0.0,480.0,10176.0,0.7788915094339622
698,TMF009,7,1,VES,2.0,2023-12-16,0.0,480.0,10176.0,0.00019654088050314466
699,TMF009,7,1,NOT,0.0,2023-12-17,0.0,480.0,10176.0,0.0
700,TMF009,7,1,MAT,0.0,2023-12-17,0.0,480.0,10176.0,0.0
701,TMF009,7,1,VES,4.0,2023-12-17,0.0,480.0,10176.0,0.00039308176100628933
702,TMF009,7,1,NOT,3172.0,2023-12-18,0.0,480.0,10176.0,0.3117138364779874
703,TMF009,7,1,MAT,5718.0,2023-12-18,15.0,465.0,9858.0,0.5800365185636032
704,TMF009,7,1,VES,5836.0,2023-12-18,0.0,480.0,10176.0,0.5735062893081762
705,TMF009,7,1,NOT,5166.0,2023-12-19,2.0,478.0,10133.6,0.5097892160732612
706,TMF009,7,1,MAT,9974.0,2023-12-19,0.0,480.0,10176.0,0.9801493710691824
707,TMF009,7,1,VES,8690.0,2023-12-19,0.0,480.0,10176.0,0.8539701257861635
708,TMF009,7,1,NOT,8544.0,2023-12-20,0.0,480.0,10176.0,0.839622641509434
709,TMF009,7,1,MAT,9150.0,2023-12-20,0.0,480.0,10176.0,0.8991745283018868
710,TMF009,7,1,VES,8370.0,2023-12-20,0.0,480.0,10176.0,0.8225235849056604
711,TMF009,7,1,NOT,8844.0,2023-12-21,0.0,480.0,10176.0,0.8691037735849056
712,TMF009,7,1,MAT,9130.0,2023-12-21,0.0,480.0,10176.0,0.8972091194968553
713,TMF009,7,1,VES,8292.0,2023-12-21,0.0,480.0,10176.0,0.8148584905660378
714,TMF009,7,1,NOT,8568.0,2023-12-22,2.0,478.0,10133.6,0.845504065682482
715,TMF009,7,1,MAT,8574.0,2023-12-22,0.0,480.0,10176.0,0.8425707547169812
716,TMF009,7,1,VES,8978.0,2023-12-22,0.0,480.0,10176.0,0.8822720125786163
717,TMF009,7,1,NOT,7574.0,2023-12-23,60.0,420.0,8904.0,0.85062893081761
718,TMF009,7,1,MAT,5386.0,2023-12-23,0.0,480.0,10176.0,0.5292845911949685
719,TMF009,7,1,VES,14.0,2023-12-23,0.0,480.0,10176.0,0.0013757861635220125
720,TMF009,7,1,NOT,0.0,2023-12-24,0.0,480.0,10176.0,0.0
721,TMF009,7,1,MAT,0.0,2023-12-24,0.0,480.0,10176.0,0.0
722,TMF009,7,1,VES,0.0,2023-12-24,0.0,480.0,10176.0,0.0
723,TMF009,7,1,NOT,0.0,2023-12-25,0.0,480.0,10176.0,0.0
724,TMF009,7,1,MAT,0.0,2023-12-25,0.0,480.0,10176.0,0.0
725,TMF009,7,1,VES,0.0,2023-12-25,0.0,480.0,10176.0,0.0
726,TMF009,7,1,NOT,0.0,2023-12-26,0.0,480.0,10176.0,0.0
727,TMF009,7,1,MAT,9418.0,2023-12-26,0.0,480.0,10176.0,0.9255110062893082
728,TMF009,7,1,VES,6382.0,2023-12-26,60.0,420.0,8904.0,0.7167565139263252
729,TMF009,7,1,NOT,8508.0,2023-12-27,0.0,480.0,10176.0,0.8360849056603774
730,TMF009,7,1,MAT,8728.0,2023-12-27,15.0,465.0,9858.0,0.8853722864678434
731,TMF009,7,1,VES,9460.0,2023-12-27,0.0,480.0,10176.0,0.9296383647798742
732,TMF009,7,1,NOT,8732.0,2023-12-28,0.0,480.0,10176.0,0.8580974842767296
733,TMF009,7,1,MAT,10164.0,2023-12-28,0.0,480.0,10176.0,0.9988207547169812
734,TMF009,7,1,VES,9334.0,2023-12-28,0.0,480.0,10176.0,0.9172562893081762
735,TMF009,7,1,NOT,8190.0,2023-12-29,60.0,420.0,8904.0,0.9198113207547169
736,TMF009,7,1,MAT,8230.0,2023-12-29,0.0,480.0,10176.0,0.8087657232704403
737,TMF009,7,1,VES,0.0,2023-12-29,60.0,420.0,8904.0,0.0
738,TMF009,7,1,NOT,0.0,2023-12-30,0.0,480.0,10176.0,0.0
739,TMF009,7,1,MAT,0.0,2023-12-30,0.0,480.0,10176.0,0.0
740,TMF009,7,1,VES,0.0,2023-12-30,0.0,480.0,10176.0,0.0
741,TMF009,7,1,NOT,0.0,2023-12-31,0.0,480.0,10176.0,0.0
742,TMF009,7,1,MAT,0.0,2023-12-31,0.0,480.0,10176.0,0.0
743,TMF009,7,1,VES,0.0,2023-12-31,0.0,480.0,10176.0,0.0
744,TMF010,14,2,NOT,9952.0,2023-12-01,18.0,462.0,9794.4,1.016090827411582
745,TMF010,14,2,MAT,7860.0,2023-12-01,60.0,420.0,8904.0,0.8827493261455526
746,TMF010,14,2,VES,7998.0,2023-12-01,0.0,480.0,10176.0,0.7859669811320755
747,TMF010,14,2,NOT,7858.0,2023-12-02,75.0,405.0,8586.0,0.9152108082925693
748,TMF010,14,2,MAT,8648.0,2023-12-02,0.0,480.0,10176.0,0.8498427672955975
749,TMF010,14,2,VES,282.0,2023-12-02,0.0,480.0,10176.0,0.027712264150943397
750,TMF010,14,2,NOT,10476.0,2023-12-03,0.0,480.0,10176.0,1.0294811320754718
751,TMF010,14,2,MAT,5170.0,2023-12-03,62.0,418.0,8861.6,0.583416087388282
752,TMF010,14,2,VES,7576.0,2023-12-03,0.0,480.0,10176.0,0.7444968553459119
753,TMF010,14,2,NOT,9414.0,2023-12-04,0.0,480.0,10176.0,0.9251179245283019
754,TMF010,14,2,MAT,8614.0,2023-12-04,0.0,480.0,10176.0,0.846501572327044
755,TMF010,14,2,VES,6494.0,2023-12-04,60.0,420.0,8904.0,0.7293351302785265
756,TMF010,14,2,NOT,9848.0,2023-12-05,0.0,480.0,10176.0,0.9677672955974843
757,TMF010,14,2,MAT,7100.0,2023-12-05,0.0,480.0,10176.0,0.6977201257861635
758,TMF010,14,2,VES,6260.0,2023-12-05,60.0,420.0,8904.0,0.7030548068283917
759,TMF010,14,2,NOT,10354.0,2023-12-06,0.0,480.0,10176.0,1.01749213836478
760,TMF010,14,2,MAT,8636.0,2023-12-06,0.0,480.0,10176.0,0.8486635220125787
761,TMF010,14,2,VES,5316.0,2023-12-06,60.0,420.0,8904.0,0.5970350404312669
762,TMF010,14,2,NOT,9802.0,2023-12-07,0.0,480.0,10176.0,0.9632468553459119
763,TMF010,14,2,MAT,7996.0,2023-12-07,0.0,480.0,10176.0,0.7857704402515723
764,TMF010,14,2,VES,6508.0,2023-12-07,60.0,420.0,8904.0,0.7309074573225517
765,TMF010,14,2,NOT,10286.0,2023-12-08,0.0,480.0,10176.0,1.010809748427673
766,TMF010,14,2,MAT,5056.0,2023-12-08,0.0,480.0,10176.0,0.4968553459119497
767,TMF010,14,2,VES,6388.0,2023-12-08,60.0,420.0,8904.0,0.7174303683737646
768,TMF010,14,2,NOT,10332.0,2023-12-09,0.0,480.0,10176.0,1.0153301886792452
769,TMF010,14,2,MAT,9010.0,2023-12-09,0.0,480.0,10176.0,0.8854166666666666
770,TMF010,14,2,VES,0.0,2023-12-09,0.0,480.0,10176.0,0.0
771,TMF010,14,2,NOT,0.0,2023-12-10,0.0,480.0,10176.0,0.0
772,TMF010,14,2,MAT,0.0,2023-12-10,0.0,480.0,10176.0,0.0
773,TMF010,14,2,VES,0.0,2023-12-10,0.0,480.0,10176.0,0.0
774,TMF010,14,2,NOT,8812.0,2023-12-11,0.0,480.0,10176.0,0.8659591194968553
775,TMF010,14,2,MAT,4534.0,2023-12-11,0.0,480.0,10176.0,0.4455581761006289
776,TMF010,14,2,VES,5300.0,2023-12-11,0.0,480.0,10176.0,0.5208333333333334
777,TMF010,14,2,NOT,6458.0,2023-12-12,0.0,480.0,10176.0,0.6346305031446541
778,TMF010,14,2,MAT,4988.0,2023-12-12,0.0,480.0,10176.0,0.4901729559748428
779,TMF010,14,2,VES,6214.0,2023-12-12,0.0,480.0,10176.0,0.6106525157232704
780,TMF010,14,2,NOT,7592.0,2023-12-13,0.0,480.0,10176.0,0.7460691823899371
781,TMF010,14,2,MAT,6334.0,2023-12-13,0.0,480.0,10176.0,0.6224449685534591
782,TMF010,14,2,VES,4114.0,2023-12-13,60.0,420.0,8904.0,0.46203953279424975
783,TMF010,14,2,NOT,6656.0,2023-12-14,0.0,480.0,10176.0,0.6540880503144654
784,TMF010,14,2,MAT,6390.0,2023-12-14,0.0,480.0,10176.0,0.6279481132075472
785,TMF010,14,2,VES,5784.0,2023-12-14,0.0,480.0,10176.0,0.5683962264150944
786,TMF010,14,2,NOT,7560.0,2023-12-15,0.0,480.0,10176.0,0.7429245283018868
787,TMF010,14,2,MAT,5538.0,2023-12-15,0.0,480.0,10176.0,0.5442216981132075
788,TMF010,14,2,VES,4578.0,2023-12-15,60.0,420.0,8904.0,0.5141509433962265
789,TMF010,14,2,NOT,5582.0,2023-12-16,60.0,420.0,8904.0,0.6269092542677448
790,TMF010,14,2,MAT,5314.0,2023-12-16,0.0,480.0,10176.0,0.5222091194968553
791,TMF010,14,2,VES,0.0,2023-12-16,0.0,480.0,10176.0,0.0
792,TMF010,14,2,NOT,0.0,2023-12-17,0.0,480.0,10176.0,0.0
793,TMF010,14,2,MAT,0.0,2023-12-17,0.0,480.0,10176.0,0.0
794,TMF010,14,2,VES,0.0,2023-12-17,0.0,480.0,10176.0,0.0
795,TMF010,14,2,NOT,2962.0,2023-12-18,0.0,480.0,10176.0,0.2910770440251572
796,TMF010,14,2,MAT,2796.0,2023-12-18,0.0,480.0,10176.0,0.27476415094339623
797,TMF010,14,2,VES,2470.0,2023-12-18,60.0,420.0,8904.0,0.277403414195867
798,TMF010,14,2,NOT,3758.0,2023-12-19,0.0,480.0,10176.0,0.3693003144654088
799,TMF010,14,2,MAT,7218.0,2023-12-19,0.0,480.0,10176.0,0.7093160377358491
800,TMF010,14,2,VES,5408.0,2023-12-19,0.0,480.0,10176.0,0.5314465408805031
801,TMF010,14,2,NOT,8470.0,2023-12-20,0.0,480.0,10176.0,0.8323506289308176
802,TMF010,14,2,MAT,8388.0,2023-12-20,0.0,480.0,10176.0,0.8242924528301887
803,TMF010,14,2,VES,6136.0,2023-12-20,60.0,420.0,8904.0,0.6891284815813118
804,TMF010,14,2,NOT,9600.0,2023-12-21,0.0,480.0,10176.0,0.9433962264150944
805,TMF010,14,2,MAT,5564.0,2023-12-21,0.0,480.0,10176.0,0.5467767295597484
806,TMF010,14,2,VES,5582.0,2023-12-21,0.0,480.0,10176.0,0.5485455974842768
807,TMF010,14,2,NOT,8186.0,2023-12-22,2.0,478.0,10133.6,0.807807689271335
808,TMF010,14,2,MAT,6638.0,2023-12-22,60.0,420.0,8904.0,0.745507637017071
809,TMF010,14,2,VES,6320.0,2023-12-22,0.0,480.0,10176.0,0.6210691823899371
810,TMF010,14,2,NOT,8894.0,2023-12-23,0.0,480.0,10176.0,0.8740172955974843
811,TMF010,14,2,MAT,7740.0,2023-12-23,0.0,480.0,10176.0,0.7606132075471698
812,TMF010,14,2,VES,2.0,2023-12-23,0.0,480.0,10176.0,0.00019654088050314466
813,TMF010,14,2,NOT,0.0,2023-12-24,0.0,480.0,10176.0,0.0
814,TMF010,14,2,MAT,0.0,2023-12-24,0.0,480.0,10176.0,0.0
815,TMF010,14,2,VES,0.0,2023-12-24,0.0,480.0,10176.0,0.0
816,TMF010,14,2,NOT,0.0,2023-12-25,0.0,480.0,10176.0,0.0
817,TMF010,14,2,MAT,0.0,2023-12-25,0.0,480.0,10176.0,0.0
818,TMF010,14,2,VES,0.0,2023-12-25,0.0,480.0,10176.0,0.0
819,TMF010,14,2,NOT,2.0,2023-12-26,0.0,480.0,10176.0,0.00019654088050314466
820,TMF010,14,2,MAT,6228.0,2023-12-26,0.0,480.0,10176.0,0.6120283018867925
821,TMF010,14,2,VES,7830.0,2023-12-26,15.0,465.0,9858.0,0.7942787583688375
822,TMF010,14,2,NOT,10128.0,2023-12-27,0.0,480.0,10176.0,0.9952830188679245
823,TMF010,14,2,MAT,9312.0,2023-12-27,0.0,480.0,10176.0,0.9150943396226415
824,TMF010,14,2,VES,6406.0,2023-12-27,0.0,480.0,10176.0,0.6295204402515723
825,TMF010,14,2,NOT,8658.0,2023-12-28,0.0,480.0,10176.0,0.8508254716981132
826,TMF010,14,2,MAT,4502.0,2023-12-28,60.0,420.0,8904.0,0.5056154537286612
827,TMF010,14,2,VES,6768.0,2023-12-28,0.0,480.0,10176.0,0.6650943396226415
828,TMF010,14,2,NOT,7098.0,2023-12-29,8.0,472.0,10006.4,0.7093460185481292
829,TMF010,14,2,MAT,5452.0,2023-12-29,0.0,480.0,10176.0,0.5357704402515723
830,TMF010,14,2,VES,2.0,2023-12-29,0.0,480.0,10176.0,0.00019654088050314466
831,TMF010,14,2,NOT,0.0,2023-12-30,0.0,480.0,10176.0,0.0
832,TMF010,14,2,MAT,0.0,2023-12-30,0.0,480.0,10176.0,0.0
833,TMF010,14,2,VES,0.0,2023-12-30,0.0,480.0,10176.0,0.0
834,TMF010,14,2,NOT,0.0,2023-12-31,0.0,480.0,10176.0,0.0
835,TMF010,14,2,MAT,0.0,2023-12-31,0.0,480.0,10176.0,0.0
836,TMF010,14,2,VES,0.0,2023-12-31,0.0,480.0,10176.0,0.0
837,TMF011,4,1,NOT,6684.0,2023-12-01,0.0,480.0,10176.0,0.6568396226415094
838,TMF011,4,1,MAT,6296.0,2023-12-01,0.0,480.0,10176.0,0.6187106918238994
839,TMF011,4,1,VES,8518.0,2023-12-01,0.0,480.0,10176.0,0.8370676100628931
840,TMF011,4,1,NOT,8278.0,2023-12-02,0.0,480.0,10176.0,0.8134827044025157
841,TMF011,4,1,MAT,6914.0,2023-12-02,0.0,480.0,10176.0,0.679441823899371
842,TMF011,4,1,VES,8446.0,2023-12-02,0.0,480.0,10176.0,0.8299921383647799
843,TMF011,4,1,NOT,8298.0,2023-12-03,60.0,420.0,8904.0,0.9319407008086253
844,TMF011,4,1,MAT,1314.0,2023-12-03,0.0,480.0,10176.0,0.12912735849056603
845,TMF011,4,1,VES,8318.0,2023-12-03,0.0,480.0,10176.0,0.8174135220125787
846,TMF011,4,1,NOT,6312.0,2023-12-04,0.0,480.0,10176.0,0.6202830188679245
847,TMF011,4,1,MAT,7638.0,2023-12-04,0.0,480.0,10176.0,0.7505896226415094
848,TMF011,4,1,VES,6154.0,2023-12-04,0.0,480.0,10176.0,0.6047562893081762
849,TMF011,4,1,NOT,7702.0,2023-12-05,0.0,480.0,10176.0,0.75687893081761
850,TMF011,4,1,MAT,7834.0,2023-12-05,0.0,480.0,10176.0,0.7698506289308176
851,TMF011,4,1,VES,8858.0,2023-12-05,0.0,480.0,10176.0,0.8704795597484277
852,TMF011,4,1,NOT,9076.0,2023-12-06,0.0,480.0,10176.0,0.8919025157232704
853,TMF011,4,1,MAT,4694.0,2023-12-06,60.0,420.0,8904.0,0.5271787960467206
854,TMF011,4,1,VES,6104.0,2023-12-06,60.0,420.0,8904.0,0.6855345911949685
855,TMF011,4,1,NOT,7284.0,2023-12-07,0.0,480.0,10176.0,0.7158018867924528
856,TMF011,4,1,MAT,6850.0,2023-12-07,0.0,480.0,10176.0,0.6731525157232704
857,TMF011,4,1,VES,6060.0,2023-12-07,0.0,480.0,10176.0,0.5955188679245284
858,TMF011,4,1,NOT,6904.0,2023-12-08,60.0,420.0,8904.0,0.7753818508535489
859,TMF011,4,1,MAT,5856.0,2023-12-08,60.0,420.0,8904.0,0.6576819407008087
860,TMF011,4,1,VES,5830.0,2023-12-08,90.0,390.0,8268.0,0.7051282051282052
861,TMF011,4,1,NOT,6434.0,2023-12-09,0.0,480.0,10176.0,0.6322720125786163
862,TMF011,4,1,MAT,3528.0,2023-12-09,60.0,420.0,8904.0,0.39622641509433965
863,TMF011,4,1,VES,292.0,2023-12-09,0.0,480.0,10176.0,0.02869496855345912
864,TMF011,4,1,NOT,0.0,2023-12-10,0.0,480.0,10176.0,0.0
865,TMF011,4,1,MAT,0.0,2023-12-10,0.0,480.0,10176.0,0.0
866,TMF011,4,1,VES,96.0,2023-12-10,0.0,480.0,10176.0,0.009433962264150943
867,TMF011,4,1,NOT,7980.0,2023-12-11,0.0,480.0,10176.0,0.7841981132075472
868,TMF011,4,1,MAT,976.0,2023-12-11,60.0,420.0,8904.0,0.1096136567834681
869,TMF011,4,1,VES,5968.0,2023-12-11,60.0,420.0,8904.0,0.6702605570530099
870,TMF011,4,1,NOT,7650.0,2023-12-12,0.0,480.0,10176.0,0.7517688679245284
871,TMF011,4,1,MAT,7096.0,2023-12-12,0.0,480.0,10176.0,0.6973270440251572
872,TMF011,4,1,VES,6422.0,2023-12-12,60.0,420.0,8904.0,0.7212488769092543
873,TMF011,4,1,NOT,6738.0,2023-12-13,0.0,480.0,10176.0,0.6621462264150944
874,TMF011,4,1,MAT,7110.0,2023-12-13,60.0,420.0,8904.0,0.7985175202156334
875,TMF011,4,1,VES,8492.0,2023-12-13,0.0,480.0,10176.0,0.8345125786163522
876,TMF011,4,1,NOT,7234.0,2023-12-14,0.0,480.0,10176.0,0.7108883647798742
877,TMF011,4,1,MAT,7074.0,2023-12-14,0.0,480.0,10176.0,0.6951650943396226
878,TMF011,4,1,VES,5636.0,2023-12-14,60.0,420.0,8904.0,0.632973944294699
879,TMF011,4,1,NOT,7434.0,2023-12-15,0.0,480.0,10176.0,0.7305424528301887
880,TMF011,4,1,MAT,5748.0,2023-12-15,60.0,420.0,8904.0,0.6455525606469003
881,TMF011,4,1,VES,7032.0,2023-12-15,60.0,420.0,8904.0,0.7897574123989218
882,TMF011,4,1,NOT,6552.0,2023-12-16,0.0,480.0,10176.0,0.6438679245283019
883,TMF011,4,1,MAT,5296.0,2023-12-16,60.0,420.0,8904.0,0.5947888589398024
884,TMF011,4,1,VES,2.0,2023-12-16,0.0,480.0,10176.0,0.00019654088050314466
885,TMF011,4,1,NOT,0.0,2023-12-17,0.0,480.0,10176.0,0.0
886,TMF011,4,1,MAT,0.0,2023-12-17,0.0,480.0,10176.0,0.0
887,TMF011,4,1,VES,0.0,2023-12-17,0.0,480.0,10176.0,0.0
888,TMF011,4,1,NOT,4442.0,2023-12-18,60.0,420.0,8904.0,0.49887690925426775
889,TMF011,4,1,MAT,3938.0,2023-12-18,60.0,420.0,8904.0,0.4422731356693621
890,TMF011,4,1,VES,2860.0,2023-12-18,60.0,420.0,8904.0,0.32120395327942497
891,TMF011,4,1,NOT,3096.0,2023-12-19,0.0,480.0,10176.0,0.30424528301886794
892,TMF011,4,1,MAT,4048.0,2023-12-19,0.0,480.0,10176.0,0.3977987421383648
893,TMF011,4,1,VES,4040.0,2023-12-19,60.0,420.0,8904.0,0.4537286612758311
894,TMF011,4,1,NOT,2042.0,2023-12-20,0.0,480.0,10176.0,0.2006682389937107
895,TMF011,4,1,MAT,5330.0,2023-12-20,0.0,480.0,10176.0,0.5237814465408805
896,TMF011,4,1,VES,5964.0,2023-12-20,60.0,420.0,8904.0,0.6698113207547169
897,TMF011,4,1,NOT,9172.0,2023-12-21,0.0,480.0,10176.0,0.9013364779874213
898,TMF011,4,1,MAT,6480.0,2023-12-21,60.0,420.0,8904.0,0.7277628032345014
899,TMF011,4,1,VES,5794.0,2023-12-21,60.0,420.0,8904.0,0.6507187780772686
900,TMF011,4,1,NOT,7984.0,2023-12-22,0.0,480.0,10176.0,0.7845911949685535
901,TMF011,4,1,MAT,5384.0,2023-12-22,60.0,420.0,8904.0,0.6046720575022462
902,TMF011,4,1,VES,5652.0,2023-12-22,60.0,420.0,8904.0,0.6347708894878706
903,TMF011,4,1,NOT,5628.0,2023-12-23,0.0,480.0,10176.0,0.5530660377358491
904,TMF011,4,1,MAT,5526.0,2023-12-23,60.0,420.0,8904.0,0.6206199460916442
905,TMF011,4,1,VES,0.0,2023-12-23,0.0,480.0,10176.0,0.0
906,TMF011,4,1,NOT,0.0,2023-12-24,0.0,480.0,10176.0,0.0
907,TMF011,4,1,MAT,0.0,2023-12-24,0.0,480.0,10176.0,0.0
908,TMF011,4,1,VES,0.0,2023-12-24,0.0,480.0,10176.0,0.0
909,TMF011,4,1,NOT,0.0,2023-12-25,0.0,480.0,10176.0,0.0
910,TMF011,4,1,MAT,0.0,2023-12-25,0.0,480.0,10176.0,0.0
911,TMF011,4,1,VES,0.0,2023-12-25,0.0,480.0,10176.0,0.0
912,TMF011,4,1,NOT,0.0,2023-12-26,0.0,480.0,10176.0,0.0
913,TMF011,4,1,MAT,6524.0,2023-12-26,0.0,480.0,10176.0,0.6411163522012578
914,TMF011,4,1,VES,7744.0,2023-12-26,0.0,480.0,10176.0,0.7610062893081762
915,TMF011,4,1,NOT,6998.0,2023-12-27,0.0,480.0,10176.0,0.6876965408805031
916,TMF011,4,1,MAT,6730.0,2023-12-27,60.0,420.0,8904.0,0.7558400718778078
917,TMF011,4,1,VES,4590.0,2023-12-27,60.0,420.0,8904.0,0.5154986522911051
918,TMF011,4,1,NOT,7932.0,2023-12-28,0.0,480.0,10176.0,0.7794811320754716
919,TMF011,4,1,MAT,7358.0,2023-12-28,60.0,420.0,8904.0,0.8263701707097934
920,TMF011,4,1,VES,7686.0,2023-12-28,60.0,420.0,8904.0,0.8632075471698113
921,TMF011,4,1,NOT,7938.0,2023-12-29,0.0,480.0,10176.0,0.7800707547169812
922,TMF011,4,1,MAT,7276.0,2023-12-29,60.0,420.0,8904.0,0.8171608265947888
923,TMF011,4,1,VES,4.0,2023-12-29,0.0,480.0,10176.0,0.00039308176100628933
924,TMF011,4,1,NOT,0.0,2023-12-30,0.0,480.0,10176.0,0.0
925,TMF011,4,1,MAT,0.0,2023-12-30,0.0,480.0,10176.0,0.0
926,TMF011,4,1,VES,0.0,2023-12-30,0.0,480.0,10176.0,0.0
927,TMF011,4,1,NOT,0.0,2023-12-31,0.0,480.0,10176.0,0.0
928,TMF011,4,1,MAT,0.0,2023-12-31,0.0,480.0,10176.0,0.0
929,TMF011,4,1,VES,0.0,2023-12-31,0.0,480.0,10176.0,0.0
930,TMF012,12,2,NOT,0.0,2023-12-01,10.0,470.0,9964.0,0.0
931,TMF012,12,2,MAT,4300.0,2023-12-01,70.0,410.0,8692.0,0.49470777726645193
932,TMF012,12,2,VES,528.0,2023-12-01,0.0,480.0,10176.0,0.05188679245283019
933,TMF012,12,2,NOT,1102.0,2023-12-02,15.0,465.0,9858.0,0.11178738080746602
934,TMF012,12,2,MAT,4846.0,2023-12-02,70.0,410.0,8692.0,0.5575241601472618
935,TMF012,12,2,VES,6212.0,2023-12-02,60.0,420.0,8904.0,0.6976639712488769
936,TMF012,12,2,NOT,0.0,2023-12-03,0.0,480.0,10176.0,0.0
937,TMF012,12,2,MAT,0.0,2023-12-03,0.0,480.0,10176.0,0.0
938,TMF012,12,2,VES,0.0,2023-12-03,0.0,480.0,10176.0,0.0
939,TMF012,12,2,NOT,1922.0,2023-12-04,0.0,480.0,10176.0,0.18887578616352202
940,TMF012,12,2,MAT,2916.0,2023-12-04,70.0,410.0,8692.0,0.3354809019788311
941,TMF012,12,2,VES,2284.0,2023-12-04,0.0,480.0,10176.0,0.2244496855345912
942,TMF012,12,2,NOT,0.0,2023-12-05,0.0,480.0,10176.0,0.0
943,TMF012,12,2,MAT,3834.0,2023-12-05,60.0,420.0,8904.0,0.4305929919137466
944,TMF012,12,2,VES,992.0,2023-12-05,0.0,480.0,10176.0,0.09748427672955975
945,TMF012,12,2,NOT,1662.0,2023-12-06,10.0,470.0,9964.0,0.16680048173424328
946,TMF012,12,2,MAT,3586.0,2023-12-06,0.0,480.0,10176.0,0.3523977987421384
947,TMF012,12,2,VES,0.0,2023-12-06,0.0,480.0,10176.0,0.0
948,TMF012,12,2,NOT,424.0,2023-12-07,0.0,480.0,10176.0,0.041666666666666664
949,TMF012,12,2,MAT,2296.0,2023-12-07,70.0,410.0,8692.0,0.2641509433962264
950,TMF012,12,2,VES,2784.0,2023-12-07,0.0,480.0,10176.0,0.27358490566037735
951,TMF012,12,2,NOT,0.0,2023-12-08,0.0,480.0,10176.0,0.0
952,TMF012,12,2,MAT,5532.0,2023-12-08,10.0,470.0,9964.0,0.5551987153753513
953,TMF012,12,2,VES,1404.0,2023-12-08,0.0,480.0,10176.0,0.13797169811320756
954,TMF012,12,2,NOT,818.0,2023-12-09,0.0,480.0,10176.0,0.08038522012578617
955,TMF012,12,2,MAT,5812.0,2023-12-09,60.0,420.0,8904.0,0.6527403414195867
956,TMF012,12,2,VES,0.0,2023-12-09,0.0,480.0,10176.0,0.0
957,TMF012,12,2,NOT,0.0,2023-12-10,0.0,480.0,10176.0,0.0
958,TMF012,12,2,MAT,0.0,2023-12-10,0.0,480.0,10176.0,0.0
959,TMF012,12,2,VES,0.0,2023-12-10,0.0,480.0,10176.0,0.0
960,TMF012,12,2,NOT,2442.0,2023-12-11,60.0,420.0,8904.0,0.2742587601078167
961,TMF012,12,2,MAT,3686.0,2023-12-11,60.0,420.0,8904.0,0.4139712488769093
962,TMF012,12,2,VES,3500.0,2023-12-11,10.0,470.0,9964.0,0.35126455238859894
963,TMF012,12,2,NOT,1592.0,2023-12-12,0.0,480.0,10176.0,0.15644654088050314
964,TMF012,12,2,MAT,4112.0,2023-12-12,70.0,410.0,8692.0,0.47307869305108147
965,TMF012,12,2,VES,1160.0,2023-12-12,0.0,480.0,10176.0,0.1139937106918239
966,TMF012,12,2,NOT,0.0,2023-12-13,0.0,480.0,10176.0,0.0
967,TMF012,12,2,MAT,4514.0,2023-12-13,70.0,410.0,8692.0,0.51932811780948
968,TMF012,12,2,VES,0.0,2023-12-13,0.0,480.0,10176.0,0.0
969,TMF012,12,2,NOT,0.0,2023-12-14,0.0,480.0,10176.0,0.0
970,TMF012,12,2,MAT,4698.0,2023-12-14,70.0,410.0,8692.0,0.5404970087436723
971,TMF012,12,2,VES,0.0,2023-12-14,0.0,480.0,10176.0,0.0
972,TMF012,12,2,NOT,948.0,2023-12-15,0.0,480.0,10176.0,0.09316037735849056
973,TMF012,12,2,MAT,5198.0,2023-12-15,70.0,410.0,8692.0,0.5980211688909342
974,TMF012,12,2,VES,746.0,2023-12-15,0.0,480.0,10176.0,0.07330974842767296
975,TMF012,12,2,NOT,2394.0,2023-12-16,60.0,420.0,8904.0,0.2688679245283019
976,TMF012,12,2,MAT,5538.0,2023-12-16,60.0,420.0,8904.0,0.621967654986523
977,TMF012,12,2,VES,12.0,2023-12-16,0.0,480.0,10176.0,0.0011792452830188679
978,TMF012,12,2,NOT,0.0,2023-12-17,0.0,480.0,10176.0,0.0
979,TMF012,12,2,MAT,0.0,2023-12-17,0.0,480.0,10176.0,0.0
980,TMF012,12,2,VES,0.0,2023-12-17,0.0,480.0,10176.0,0.0
981,TMF012,12,2,NOT,332.0,2023-12-18,0.0,480.0,10176.0,0.03262578616352201
982,TMF012,12,2,MAT,4188.0,2023-12-18,60.0,420.0,8904.0,0.47035040431266845
983,TMF012,12,2,VES,0.0,2023-12-18,0.0,480.0,10176.0,0.0
984,TMF012,12,2,NOT,0.0,2023-12-19,0.0,480.0,10176.0,0.0
985,TMF012,12,2,MAT,4642.0,2023-12-19,70.0,410.0,8692.0,0.534054302807179
986,TMF012,12,2,VES,3140.0,2023-12-19,0.0,480.0,10176.0,0.3085691823899371
987,TMF012,12,2,NOT,3086.0,2023-12-20,10.0,470.0,9964.0,0.30971497390606184
988,TMF012,12,2,MAT,4644.0,2023-12-20,70.0,410.0,8692.0,0.5342843994477681
989,TMF012,12,2,VES,1666.0,2023-12-20,0.0,480.0,10176.0,0.1637185534591195
990,TMF012,12,2,NOT,2844.0,2023-12-21,60.0,420.0,8904.0,0.3194070080862534
991,TMF012,12,2,MAT,5316.0,2023-12-21,70.0,410.0,8692.0,0.611596870685688
992,TMF012,12,2,VES,2684.0,2023-12-21,0.0,480.0,10176.0,0.26375786163522014
993,TMF012,12,2,NOT,1166.0,2023-12-22,0.0,480.0,10176.0,0.11458333333333333
994,TMF012,12,2,MAT,4254.0,2023-12-22,70.0,410.0,8692.0,0.4894155545329038
995,TMF012,12,2,VES,904.0,2023-12-22,0.0,480.0,10176.0,0.08883647798742138
996,TMF012,12,2,NOT,1000.0,2023-12-23,0.0,480.0,10176.0,0.09827044025157233
997,TMF012,12,2,MAT,3600.0,2023-12-23,70.0,410.0,8692.0,0.4141739530602853
998,TMF012,12,2,VES,0.0,2023-12-23,0.0,480.0,10176.0,0.0
999,TMF012,12,2,NOT,0.0,2023-12-24,0.0,480.0,10176.0,0.0
1000,TMF012,12,2,MAT,0.0,2023-12-24,0.0,480.0,10176.0,0.0
1001,TMF012,12,2,VES,0.0,2023-12-24,0.0,480.0,10176.0,0.0
1002,TMF012,12,2,NOT,0.0,2023-12-25,0.0,480.0,10176.0,0.0
1003,TMF012,12,2,MAT,0.0,2023-12-25,0.0,480.0,10176.0,0.0
1004,TMF012,12,2,VES,0.0,2023-12-25,0.0,480.0,10176.0,0.0
1005,TMF012,12,2,NOT,0.0,2023-12-26,0.0,480.0,10176.0,0.0
1006,TMF012,12,2,MAT,5278.0,2023-12-26,60.0,420.0,8904.0,0.5927672955974843
1007,TMF012,12,2,VES,714.0,2023-12-26,15.0,465.0,9858.0,0.07242848447961046
1008,TMF012,12,2,NOT,564.0,2023-12-27,0.0,480.0,10176.0,0.055424528301886794
1009,TMF012,12,2,MAT,5166.0,2023-12-27,70.0,410.0,8692.0,0.5943396226415094
1010,TMF012,12,2,VES,3664.0,2023-12-27,0.0,480.0,10176.0,0.360062893081761
1011,TMF012,12,2,NOT,876.0,2023-12-28,0.0,480.0,10176.0,0.08608490566037735
1012,TMF012,12,2,MAT,6398.0,2023-12-28,56.0,424.0,8988.8,0.7117746529013884
1013,TMF012,12,2,VES,1836.0,2023-12-28,0.0,480.0,10176.0,0.1804245283018868
1014,TMF012,12,2,NOT,334.0,2023-12-29,0.0,480.0,10176.0,0.03282232704402516
1015,TMF012,12,2,MAT,5874.0,2023-12-29,70.0,410.0,8692.0,0.6757938334100322
1016,TMF012,12,2,VES,2.0,2023-12-29,0.0,480.0,10176.0,0.00019654088050314466
1017,TMF012,12,2,NOT,0.0,2023-12-30,0.0,480.0,10176.0,0.0
1018,TMF012,12,2,MAT,0.0,2023-12-30,0.0,480.0,10176.0,0.0
1019,TMF012,12,2,VES,0.0,2023-12-30,0.0,480.0,10176.0,0.0
1020,TMF012,12,2,NOT,0.0,2023-12-31,0.0,480.0,10176.0,0.0
1021,TMF012,12,2,MAT,0.0,2023-12-31,0.0,480.0,10176.0,0.0
1022,TMF012,12,2,VES,0.0,2023-12-31,0.0,480.0,10176.0,0.0
1023,TMF013,11,2,NOT,7528.0,2023-12-01,10.0,470.0,9964.0,0.7555198715375351
1024,TMF013,11,2,MAT,6800.0,2023-12-01,0.0,480.0,10176.0,0.6682389937106918
1025,TMF013,11,2,VES,5772.0,2023-12-01,15.0,465.0,9858.0,0.5855143031040779
1026,TMF013,11,2,NOT,5606.0,2023-12-02,75.0,405.0,8586.0,0.6529233636151875
1027,TMF013,11,2,MAT,6180.0,2023-12-02,60.0,420.0,8904.0,0.6940700808625337
1028,TMF013,11,2,VES,6080.0,2023-12-02,0.0,480.0,10176.0,0.5974842767295597
1029,TMF013,11,2,NOT,1074.0,2023-12-03,0.0,480.0,10176.0,0.10554245283018868
1030,TMF013,11,2,MAT,1408.0,2023-12-03,0.0,480.0,10176.0,0.13836477987421383
1031,TMF013,11,2,VES,4696.0,2023-12-03,60.0,420.0,8904.0,0.527403414195867
1032,TMF013,11,2,NOT,5082.0,2023-12-04,62.0,418.0,8861.6,0.5734856007944389
1033,TMF013,11,2,MAT,5388.0,2023-12-04,60.0,420.0,8904.0,0.605121293800539
1034,TMF013,11,2,VES,7238.0,2023-12-04,0.0,480.0,10176.0,0.7112814465408805
1035,TMF013,11,2,NOT,3916.0,2023-12-05,70.0,410.0,8692.0,0.4505292222733548
1036,TMF013,11,2,MAT,4244.0,2023-12-05,60.0,420.0,8904.0,0.4766397124887691
1037,TMF013,11,2,VES,6372.0,2023-12-05,0.0,480.0,10176.0,0.6261792452830188
1038,TMF013,11,2,NOT,5212.0,2023-12-06,60.0,420.0,8904.0,0.5853548966756514
1039,TMF013,11,2,MAT,5104.0,2023-12-06,0.0,480.0,10176.0,0.5015723270440252
1040,TMF013,11,2,VES,5868.0,2023-12-06,0.0,480.0,10176.0,0.5766509433962265
1041,TMF013,11,2,NOT,4678.0,2023-12-07,0.0,480.0,10176.0,0.45970911949685533
1042,TMF013,11,2,MAT,5130.0,2023-12-07,75.0,405.0,8586.0,0.5974842767295597
1043,TMF013,11,2,VES,6738.0,2023-12-07,0.0,480.0,10176.0,0.6621462264150944
1044,TMF013,11,2,NOT,5330.0,2023-12-08,60.0,420.0,8904.0,0.598607367475292
1045,TMF013,11,2,MAT,5448.0,2023-12-08,67.0,413.0,8755.6,0.622230344008406
1046,TMF013,11,2,VES,6912.0,2023-12-08,0.0,480.0,10176.0,0.6792452830188679
1047,TMF013,11,2,NOT,5178.0,2023-12-09,60.0,420.0,8904.0,0.5815363881401617
1048,TMF013,11,2,MAT,5306.0,2023-12-09,60.0,420.0,8904.0,0.5959119496855346
1049,TMF013,11,2,VES,0.0,2023-12-09,0.0,480.0,10176.0,0.0
1050,TMF013,11,2,NOT,0.0,2023-12-10,0.0,480.0,10176.0,0.0
1051,TMF013,11,2,MAT,0.0,2023-12-10,0.0,480.0,10176.0,0.0
1052,TMF013,11,2,VES,2.0,2023-12-10,0.0,480.0,10176.0,0.00019654088050314466
1053,TMF013,11,2,NOT,4832.0,2023-12-11,60.0,420.0,8904.0,0.5426774483378257
1054,TMF013,11,2,MAT,1686.0,2023-12-11,0.0,480.0,10176.0,0.16568396226415094
1055,TMF013,11,2,VES,4300.0,2023-12-11,60.0,420.0,8904.0,0.4829290206648697
1056,TMF013,11,2,NOT,6150.0,2023-12-12,60.0,420.0,8904.0,0.6907008086253369
1057,TMF013,11,2,MAT,6544.0,2023-12-12,60.0,420.0,8904.0,0.7349505840071878
1058,TMF013,11,2,VES,5114.0,2023-12-12,60.0,420.0,8904.0,0.5743486073674753
1059,TMF013,11,2,NOT,5266.0,2023-12-13,60.0,420.0,8904.0,0.5914195867026055
1060,TMF013,11,2,MAT,5860.0,2023-12-13,60.0,420.0,8904.0,0.6581311769991015
1061,TMF013,11,2,VES,7154.0,2023-12-13,0.0,480.0,10176.0,0.7030267295597484
1062,TMF013,11,2,NOT,6572.0,2023-12-14,0.0,480.0,10176.0,0.6458333333333334
1063,TMF013,11,2,MAT,6430.0,2023-12-14,60.0,420.0,8904.0,0.72214734950584
1064,TMF013,11,2,VES,5212.0,2023-12-14,60.0,420.0,8904.0,0.5853548966756514
1065,TMF013,11,2,NOT,5570.0,2023-12-15,0.0,480.0,10176.0,0.5473663522012578
1066,TMF013,11,2,MAT,5896.0,2023-12-15,60.0,420.0,8904.0,0.6621743036837376
1067,TMF013,11,2,VES,7162.0,2023-12-15,0.0,480.0,10176.0,0.703812893081761
1068,TMF013,11,2,NOT,5590.0,2023-12-16,60.0,420.0,8904.0,0.6278077268643306
1069,TMF013,11,2,MAT,3972.0,2023-12-16,60.0,420.0,8904.0,0.44609164420485176
1070,TMF013,11,2,VES,12.0,2023-12-16,0.0,480.0,10176.0,0.0011792452830188679
1071,TMF013,11,2,NOT,0.0,2023-12-17,0.0,480.0,10176.0,0.0
1072,TMF013,11,2,MAT,0.0,2023-12-17,0.0,480.0,10176.0,0.0
1073,TMF013,11,2,VES,0.0,2023-12-17,0.0,480.0,10176.0,0.0
1074,TMF013,11,2,NOT,3820.0,2023-12-18,60.0,420.0,8904.0,0.42902066486972146
1075,TMF013,11,2,MAT,4270.0,2023-12-18,60.0,420.0,8904.0,0.47955974842767296
1076,TMF013,11,2,VES,4726.0,2023-12-18,0.0,480.0,10176.0,0.4644261006289308
1077,TMF013,11,2,NOT,3436.0,2023-12-19,60.0,420.0,8904.0,0.3858939802336029
1078,TMF013,11,2,MAT,5960.0,2023-12-19,60.0,420.0,8904.0,0.6693620844564241
1079,TMF013,11,2,VES,7588.0,2023-12-19,0.0,480.0,10176.0,0.7456761006289309
1080,TMF013,11,2,NOT,5714.0,2023-12-20,60.0,420.0,8904.0,0.6417340521114105
1081,TMF013,11,2,MAT,5728.0,2023-12-20,60.0,420.0,8904.0,0.6433063791554358
1082,TMF013,11,2,VES,7338.0,2023-12-20,0.0,480.0,10176.0,0.7211084905660378
1083,TMF013,11,2,NOT,5946.0,2023-12-21,60.0,420.0,8904.0,0.6677897574123989
1084,TMF013,11,2,MAT,5886.0,2023-12-21,60.0,420.0,8904.0,0.6610512129380054
1085,TMF013,11,2,VES,6446.0,2023-12-21,0.0,480.0,10176.0,0.6334512578616353
1086,TMF013,11,2,NOT,5726.0,2023-12-22,64.0,416.0,8819.199999999999,0.6492652394775037
1087,TMF013,11,2,MAT,7456.0,2023-12-22,4.0,476.0,10091.199999999999,0.7388615823687966
1088,TMF013,11,2,VES,6194.0,2023-12-22,0.0,480.0,10176.0,0.608687106918239
1089,TMF013,11,2,NOT,5628.0,2023-12-23,60.0,420.0,8904.0,0.6320754716981132
1090,TMF013,11,2,MAT,6432.0,2023-12-23,60.0,420.0,8904.0,0.7223719676549866
1091,TMF013,11,2,VES,0.0,2023-12-23,0.0,480.0,10176.0,0.0
1092,TMF013,11,2,NOT,0.0,2023-12-24,0.0,480.0,10176.0,0.0
1093,TMF013,11,2,MAT,0.0,2023-12-24,0.0,480.0,10176.0,0.0
1094,TMF013,11,2,VES,0.0,2023-12-24,0.0,480.0,10176.0,0.0
1095,TMF013,11,2,NOT,0.0,2023-12-25,0.0,480.0,10176.0,0.0
1096,TMF013,11,2,MAT,0.0,2023-12-25,0.0,480.0,10176.0,0.0
1097,TMF013,11,2,VES,0.0,2023-12-25,0.0,480.0,10176.0,0.0
1098,TMF013,11,2,NOT,0.0,2023-12-26,0.0,480.0,10176.0,0.0
1099,TMF013,11,2,MAT,4776.0,2023-12-26,60.0,420.0,8904.0,0.5363881401617251
1100,TMF013,11,2,VES,4326.0,2023-12-26,15.0,465.0,9858.0,0.4388314059646987
1101,TMF013,11,2,NOT,5066.0,2023-12-27,60.0,420.0,8904.0,0.5689577717879605
1102,TMF013,11,2,MAT,6328.0,2023-12-27,0.0,480.0,10176.0,0.6218553459119497
1103,TMF013,11,2,VES,7776.0,2023-12-27,0.0,480.0,10176.0,0.7641509433962265
1104,TMF013,11,2,NOT,4660.0,2023-12-28,70.0,410.0,8692.0,0.5361251725724805
1105,TMF013,11,2,MAT,6346.0,2023-12-28,0.0,480.0,10176.0,0.623624213836478
1106,TMF013,11,2,VES,4754.0,2023-12-28,60.0,420.0,8904.0,0.5339173405211141
1107,TMF013,11,2,NOT,4616.0,2023-12-29,68.0,412.0,8734.4,0.5284850705257373
1108,TMF013,11,2,MAT,5866.0,2023-12-29,60.0,420.0,8904.0,0.6588050314465409
1109,TMF013,11,2,VES,0.0,2023-12-29,0.0,480.0,10176.0,0.0
1110,TMF013,11,2,NOT,0.0,2023-12-30,0.0,480.0,10176.0,0.0
1111,TMF013,11,2,MAT,0.0,2023-12-30,0.0,480.0,10176.0,0.0
1112,TMF013,11,2,VES,0.0,2023-12-30,0.0,480.0,10176.0,0.0
1113,TMF013,11,2,NOT,0.0,2023-12-31,0.0,480.0,10176.0,0.0
1114,TMF013,11,2,MAT,0.0,2023-12-31,0.0,480.0,10176.0,0.0
1115,TMF013,11,2,VES,0.0,2023-12-31,0.0,480.0,10176.0,0.0
1116,TMF014,5,1,NOT,10280.0,2023-12-01,0.0,480.0,10176.0,1.0102201257861636
1117,TMF014,5,1,MAT,9610.0,2023-12-01,0.0,480.0,10176.0,0.94437893081761
1118,TMF014,5,1,VES,7928.0,2023-12-01,0.0,480.0,10176.0,0.7790880503144654
1119,TMF014,5,1,NOT,8940.0,2023-12-02,0.0,480.0,10176.0,0.8785377358490566
1120,TMF014,5,1,MAT,9572.0,2023-12-02,0.0,480.0,10176.0,0.9406446540880503
1121,TMF014,5,1,VES,7514.0,2023-12-02,0.0,480.0,10176.0,0.7384040880503144
1122,TMF014,5,1,NOT,7990.0,2023-12-03,0.0,480.0,10176.0,0.7851808176100629
1123,TMF014,5,1,MAT,7754.0,2023-12-03,0.0,480.0,10176.0,0.7619889937106918
1124,TMF014,5,1,VES,7488.0,2023-12-03,0.0,480.0,10176.0,0.7358490566037735
1125,TMF014,5,1,NOT,8968.0,2023-12-04,0.0,480.0,10176.0,0.8812893081761006
1126,TMF014,5,1,MAT,6742.0,2023-12-04,60.0,420.0,8904.0,0.7571877807726864
1127,TMF014,5,1,VES,6134.0,2023-12-04,60.0,420.0,8904.0,0.6889038634321654
1128,TMF014,5,1,NOT,8410.0,2023-12-05,0.0,480.0,10176.0,0.8264544025157232
1129,TMF014,5,1,MAT,8938.0,2023-12-05,0.0,480.0,10176.0,0.8783411949685535
1130,TMF014,5,1,VES,8720.0,2023-12-05,0.0,480.0,10176.0,0.8569182389937107
1131,TMF014,5,1,NOT,8522.0,2023-12-06,0.0,480.0,10176.0,0.8374606918238994
1132,TMF014,5,1,MAT,9604.0,2023-12-06,0.0,480.0,10176.0,0.9437893081761006
1133,TMF014,5,1,VES,8692.0,2023-12-06,0.0,480.0,10176.0,0.8541666666666666
1134,TMF014,5,1,NOT,8488.0,2023-12-07,60.0,420.0,8904.0,0.9532794249775381
1135,TMF014,5,1,MAT,8524.0,2023-12-07,0.0,480.0,10176.0,0.8376572327044025
1136,TMF014,5,1,VES,8942.0,2023-12-07,0.0,480.0,10176.0,0.8787342767295597
1137,TMF014,5,1,NOT,8282.0,2023-12-08,60.0,420.0,8904.0,0.9301437556154537
1138,TMF014,5,1,MAT,9948.0,2023-12-08,0.0,480.0,10176.0,0.9775943396226415
1139,TMF014,5,1,VES,8756.0,2023-12-08,0.0,480.0,10176.0,0.8604559748427673
1140,TMF014,5,1,NOT,7550.0,2023-12-09,10.0,470.0,9964.0,0.7577278201525491
1141,TMF014,5,1,MAT,9420.0,2023-12-09,0.0,480.0,10176.0,0.9257075471698113
1142,TMF014,5,1,VES,118.0,2023-12-09,0.0,480.0,10176.0,0.011595911949685534
1143,TMF014,5,1,NOT,0.0,2023-12-10,0.0,480.0,10176.0,0.0
1144,TMF014,5,1,MAT,0.0,2023-12-10,0.0,480.0,10176.0,0.0
1145,TMF014,5,1,VES,2.0,2023-12-10,0.0,480.0,10176.0,0.00019654088050314466
1146,TMF014,5,1,NOT,7888.0,2023-12-11,0.0,480.0,10176.0,0.7751572327044025
1147,TMF014,5,1,MAT,9502.0,2023-12-11,0.0,480.0,10176.0,0.9337657232704403
1148,TMF014,5,1,VES,9082.0,2023-12-11,0.0,480.0,10176.0,0.8924921383647799
1149,TMF014,5,1,NOT,8430.0,2023-12-12,60.0,420.0,8904.0,0.9467654986522911
1150,TMF014,5,1,MAT,8868.0,2023-12-12,60.0,420.0,8904.0,0.9959568733153639
1151,TMF014,5,1,VES,9886.0,2023-12-12,0.0,480.0,10176.0,0.971501572327044
1152,TMF014,5,1,NOT,9276.0,2023-12-13,0.0,480.0,10176.0,0.9115566037735849
1153,TMF014,5,1,MAT,9130.0,2023-12-13,0.0,480.0,10176.0,0.8972091194968553
1154,TMF014,5,1,VES,7600.0,2023-12-13,60.0,420.0,8904.0,0.8535489667565139
1155,TMF014,5,1,NOT,8628.0,2023-12-14,0.0,480.0,10176.0,0.847877358490566
1156,TMF014,5,1,MAT,9086.0,2023-12-14,0.0,480.0,10176.0,0.8928852201257862
1157,TMF014,5,1,VES,10044.0,2023-12-14,0.0,480.0,10176.0,0.9870283018867925
1158,TMF014,5,1,NOT,9354.0,2023-12-15,0.0,480.0,10176.0,0.9192216981132075
1159,TMF014,5,1,MAT,10662.0,2023-12-15,0.0,480.0,10176.0,1.0477594339622642
1160,TMF014,5,1,VES,9292.0,2023-12-15,0.0,480.0,10176.0,0.91312893081761
1161,TMF014,5,1,NOT,9124.0,2023-12-16,0.0,480.0,10176.0,0.8966194968553459
1162,TMF014,5,1,MAT,9250.0,2023-12-16,0.0,480.0,10176.0,0.909001572327044
1163,TMF014,5,1,VES,0.0,2023-12-16,0.0,480.0,10176.0,0.0
1164,TMF014,5,1,NOT,0.0,2023-12-17,0.0,480.0,10176.0,0.0
1165,TMF014,5,1,MAT,0.0,2023-12-17,0.0,480.0,10176.0,0.0
1166,TMF014,5,1,VES,6.0,2023-12-17,0.0,480.0,10176.0,0.0005896226415094339
1167,TMF014,5,1,NOT,5322.0,2023-12-18,60.0,420.0,8904.0,0.5977088948787062
1168,TMF014,5,1,MAT,7276.0,2023-12-18,0.0,480.0,10176.0,0.7150157232704403
1169,TMF014,5,1,VES,5578.0,2023-12-18,0.0,480.0,10176.0,0.5481525157232704
1170,TMF014,5,1,NOT,4550.0,2023-12-19,10.0,470.0,9964.0,0.4566439181051786
1171,TMF014,5,1,MAT,4316.0,2023-12-19,0.0,480.0,10176.0,0.42413522012578614
1172,TMF014,5,1,VES,9842.0,2023-12-19,0.0,480.0,10176.0,0.9671776729559748
1173,TMF014,5,1,NOT,9388.0,2023-12-20,0.0,480.0,10176.0,0.922562893081761
1174,TMF014,5,1,MAT,9918.0,2023-12-20,0.0,480.0,10176.0,0.9746462264150944
1175,TMF014,5,1,VES,8594.0,2023-12-20,0.0,480.0,10176.0,0.8445361635220126
1176,TMF014,5,1,NOT,9110.0,2023-12-21,0.0,480.0,10176.0,0.8952437106918238
1177,TMF014,5,1,MAT,9920.0,2023-12-21,0.0,480.0,10176.0,0.9748427672955975
1178,TMF014,5,1,VES,8578.0,2023-12-21,0.0,480.0,10176.0,0.8429638364779874
1179,TMF014,5,1,NOT,8220.0,2023-12-22,0.0,480.0,10176.0,0.8077830188679245
1180,TMF014,5,1,MAT,9372.0,2023-12-22,6.0,474.0,10048.8,0.9326486744685933
1181,TMF014,5,1,VES,7616.0,2023-12-22,0.0,480.0,10176.0,0.7484276729559748
1182,TMF014,5,1,NOT,8400.0,2023-12-23,0.0,480.0,10176.0,0.8254716981132075
1183,TMF014,5,1,MAT,7906.0,2023-12-23,0.0,480.0,10176.0,0.7769261006289309
1184,TMF014,5,1,VES,2.0,2023-12-23,0.0,480.0,10176.0,0.00019654088050314466
1185,TMF014,5,1,NOT,0.0,2023-12-24,0.0,480.0,10176.0,0.0
1186,TMF014,5,1,MAT,0.0,2023-12-24,0.0,480.0,10176.0,0.0
1187,TMF014,5,1,VES,0.0,2023-12-24,0.0,480.0,10176.0,0.0
1188,TMF014,5,1,NOT,0.0,2023-12-25,0.0,480.0,10176.0,0.0
1189,TMF014,5,1,MAT,0.0,2023-12-25,0.0,480.0,10176.0,0.0
1190,TMF014,5,1,VES,0.0,2023-12-25,0.0,480.0,10176.0,0.0
1191,TMF014,5,1,NOT,2.0,2023-12-26,0.0,480.0,10176.0,0.00019654088050314466
1192,TMF014,5,1,MAT,9726.0,2023-12-26,0.0,480.0,10176.0,0.9557783018867925
1193,TMF014,5,1,VES,6898.0,2023-12-26,88.0,392.0,8310.4,0.830044281863689
1194,TMF014,5,1,NOT,8214.0,2023-12-27,0.0,480.0,10176.0,0.8071933962264151
1195,TMF014,5,1,MAT,9940.0,2023-12-27,0.0,480.0,10176.0,0.976808176100629
1196,TMF014,5,1,VES,9570.0,2023-12-27,0.0,480.0,10176.0,0.9404481132075472
1197,TMF014,5,1,NOT,9286.0,2023-12-28,0.0,480.0,10176.0,0.9125393081761006
1198,TMF014,5,1,MAT,10318.0,2023-12-28,0.0,480.0,10176.0,1.0139544025157232
1199,TMF014,5,1,VES,9912.0,2023-12-28,0.0,480.0,10176.0,0.9740566037735849
1200,TMF014,5,1,NOT,8744.0,2023-12-29,60.0,420.0,8904.0,0.9820305480682839
1201,TMF014,5,1,MAT,8532.0,2023-12-29,0.0,480.0,10176.0,0.8384433962264151
1202,TMF014,5,1,VES,40.0,2023-12-29,60.0,420.0,8904.0,0.004492362982929021
1203,TMF014,5,1,NOT,0.0,2023-12-30,0.0,480.0,10176.0,0.0
1204,TMF014,5,1,MAT,0.0,2023-12-30,0.0,480.0,10176.0,0.0
1205,TMF014,5,1,VES,0.0,2023-12-30,0.0,480.0,10176.0,0.0
1206,TMF014,5,1,NOT,0.0,2023-12-31,0.0,480.0,10176.0,0.0
1207,TMF014,5,1,MAT,0.0,2023-12-31,0.0,480.0,10176.0,0.0
1208,TMF014,5,1,VES,0.0,2023-12-31,0.0,480.0,10176.0,0.0
1209,TMF015,3,1,NOT,7146.0,2023-12-01,0.0,480.0,10176.0,0.7022405660377359
1210,TMF015,3,1,MAT,5314.0,2023-12-01,60.0,420.0,8904.0,0.5968104222821204
1211,TMF015,3,1,VES,9178.0,2023-12-01,0.0,480.0,10176.0,0.9019261006289309
1212,TMF015,3,1,NOT,9104.0,2023-12-02,0.0,480.0,10176.0,0.8946540880503144
1213,TMF015,3,1,MAT,5322.0,2023-12-02,0.0,480.0,10176.0,0.5229952830188679
1214,TMF015,3,1,VES,7360.0,2023-12-02,10.0,470.0,9964.0,0.7386591730228824
1215,TMF015,3,1,NOT,9168.0,2023-12-03,60.0,420.0,8904.0,1.0296495956873315
1216,TMF015,3,1,MAT,8000.0,2023-12-03,0.0,480.0,10176.0,0.7861635220125787
1217,TMF015,3,1,VES,8668.0,2023-12-03,0.0,480.0,10176.0,0.851808176100629
1218,TMF015,3,1,NOT,8034.0,2023-12-04,0.0,480.0,10176.0,0.7895047169811321
1219,TMF015,3,1,MAT,3776.0,2023-12-04,0.0,480.0,10176.0,0.3710691823899371
1220,TMF015,3,1,VES,7092.0,2023-12-04,0.0,480.0,10176.0,0.6969339622641509
1221,TMF015,3,1,NOT,8682.0,2023-12-05,0.0,480.0,10176.0,0.8531839622641509
1222,TMF015,3,1,MAT,6640.0,2023-12-05,60.0,420.0,8904.0,0.7457322551662174
1223,TMF015,3,1,VES,9170.0,2023-12-05,0.0,480.0,10176.0,0.9011399371069182
1224,TMF015,3,1,NOT,8744.0,2023-12-06,0.0,480.0,10176.0,0.8592767295597484
1225,TMF015,3,1,MAT,5734.0,2023-12-06,60.0,420.0,8904.0,0.6439802336028752
1226,TMF015,3,1,VES,5506.0,2023-12-06,0.0,480.0,10176.0,0.5410770440251572
1227,TMF015,3,1,NOT,8084.0,2023-12-07,60.0,420.0,8904.0,0.9079065588499551
1228,TMF015,3,1,MAT,7022.0,2023-12-07,0.0,480.0,10176.0,0.6900550314465409
1229,TMF015,3,1,VES,6048.0,2023-12-07,0.0,480.0,10176.0,0.5943396226415094
1230,TMF015,3,1,NOT,7778.0,2023-12-08,60.0,420.0,8904.0,0.8735399820305481
1231,TMF015,3,1,MAT,5998.0,2023-12-08,60.0,420.0,8904.0,0.6736298292902066
1232,TMF015,3,1,VES,3288.0,2023-12-08,60.0,420.0,8904.0,0.3692722371967655
1233,TMF015,3,1,NOT,5172.0,2023-12-09,0.0,480.0,10176.0,0.5082547169811321
1234,TMF015,3,1,MAT,7050.0,2023-12-09,60.0,420.0,8904.0,0.7917789757412399
1235,TMF015,3,1,VES,308.0,2023-12-09,0.0,480.0,10176.0,0.030267295597484277
1236,TMF015,3,1,NOT,0.0,2023-12-10,0.0,480.0,10176.0,0.0
1237,TMF015,3,1,MAT,0.0,2023-12-10,0.0,480.0,10176.0,0.0
1238,TMF015,3,1,VES,58.0,2023-12-10,0.0,480.0,10176.0,0.005699685534591195
1239,TMF015,3,1,NOT,8494.0,2023-12-11,0.0,480.0,10176.0,0.8347091194968553
1240,TMF015,3,1,MAT,6068.0,2023-12-11,60.0,420.0,8904.0,0.6814914645103325
1241,TMF015,3,1,VES,6246.0,2023-12-11,60.0,420.0,8904.0,0.7014824797843666
1242,TMF015,3,1,NOT,8850.0,2023-12-12,0.0,480.0,10176.0,0.8696933962264151
1243,TMF015,3,1,MAT,7914.0,2023-12-12,0.0,480.0,10176.0,0.7777122641509434
1244,TMF015,3,1,VES,6542.0,2023-12-12,60.0,420.0,8904.0,0.7347259658580413
1245,TMF015,3,1,NOT,8918.0,2023-12-13,0.0,480.0,10176.0,0.876375786163522
1246,TMF015,3,1,MAT,6738.0,2023-12-13,60.0,420.0,8904.0,0.7567385444743935
1247,TMF015,3,1,VES,8638.0,2023-12-13,0.0,480.0,10176.0,0.8488600628930818
1248,TMF015,3,1,NOT,7796.0,2023-12-14,0.0,480.0,10176.0,0.7661163522012578
1249,TMF015,3,1,MAT,6122.0,2023-12-14,60.0,420.0,8904.0,0.6875561545372866
1250,TMF015,3,1,VES,5254.0,2023-12-14,60.0,420.0,8904.0,0.5900718778077269
1251,TMF015,3,1,NOT,8058.0,2023-12-15,0.0,480.0,10176.0,0.7918632075471698
1252,TMF015,3,1,MAT,6652.0,2023-12-15,60.0,420.0,8904.0,0.7470799640610961
1253,TMF015,3,1,VES,7116.0,2023-12-15,60.0,420.0,8904.0,0.7991913746630728
1254,TMF015,3,1,NOT,7398.0,2023-12-16,0.0,480.0,10176.0,0.7270047169811321
1255,TMF015,3,1,MAT,4368.0,2023-12-16,60.0,420.0,8904.0,0.49056603773584906
1256,TMF015,3,1,VES,108.0,2023-12-16,0.0,480.0,10176.0,0.01061320754716981
1257,TMF015,3,1,NOT,0.0,2023-12-17,0.0,480.0,10176.0,0.0
1258,TMF015,3,1,MAT,0.0,2023-12-17,0.0,480.0,10176.0,0.0
1259,TMF015,3,1,VES,62.0,2023-12-17,0.0,480.0,10176.0,0.006092767295597485
1260,TMF015,3,1,NOT,3954.0,2023-12-18,60.0,420.0,8904.0,0.4440700808625337
1261,TMF015,3,1,MAT,3934.0,2023-12-18,60.0,420.0,8904.0,0.4418238993710692
1262,TMF015,3,1,VES,3534.0,2023-12-18,60.0,420.0,8904.0,0.396900269541779
1263,TMF015,3,1,NOT,3378.0,2023-12-19,0.0,480.0,10176.0,0.3319575471698113
1264,TMF015,3,1,MAT,4892.0,2023-12-19,0.0,480.0,10176.0,0.48073899371069184
1265,TMF015,3,1,VES,6142.0,2023-12-19,60.0,420.0,8904.0,0.6898023360287511
1266,TMF015,3,1,NOT,9248.0,2023-12-20,0.0,480.0,10176.0,0.9088050314465409
1267,TMF015,3,1,MAT,7052.0,2023-12-20,0.0,480.0,10176.0,0.6930031446540881
1268,TMF015,3,1,VES,6848.0,2023-12-20,60.0,420.0,8904.0,0.7690925426774483
1269,TMF015,3,1,NOT,9372.0,2023-12-21,0.0,480.0,10176.0,0.9209905660377359
1270,TMF015,3,1,MAT,6432.0,2023-12-21,60.0,420.0,8904.0,0.7223719676549866
1271,TMF015,3,1,VES,6074.0,2023-12-21,60.0,420.0,8904.0,0.6821653189577718
1272,TMF015,3,1,NOT,8372.0,2023-12-22,0.0,480.0,10176.0,0.8227201257861635
1273,TMF015,3,1,MAT,6630.0,2023-12-22,60.0,420.0,8904.0,0.7446091644204852
1274,TMF015,3,1,VES,5916.0,2023-12-22,60.0,420.0,8904.0,0.6644204851752021
1275,TMF015,3,1,NOT,8792.0,2023-12-23,0.0,480.0,10176.0,0.8639937106918238
1276,TMF015,3,1,MAT,5912.0,2023-12-23,60.0,420.0,8904.0,0.6639712488769093
1277,TMF015,3,1,VES,80.0,2023-12-23,0.0,480.0,10176.0,0.007861635220125786
1278,TMF015,3,1,NOT,0.0,2023-12-24,0.0,480.0,10176.0,0.0
1279,TMF015,3,1,MAT,0.0,2023-12-24,0.0,480.0,10176.0,0.0
1280,TMF015,3,1,VES,0.0,2023-12-24,0.0,480.0,10176.0,0.0
1281,TMF015,3,1,NOT,0.0,2023-12-25,0.0,480.0,10176.0,0.0
1282,TMF015,3,1,MAT,0.0,2023-12-25,0.0,480.0,10176.0,0.0
1283,TMF015,3,1,VES,0.0,2023-12-25,0.0,480.0,10176.0,0.0
1284,TMF015,3,1,NOT,0.0,2023-12-26,0.0,480.0,10176.0,0.0
1285,TMF015,3,1,MAT,5042.0,2023-12-26,0.0,480.0,10176.0,0.49547955974842767
1286,TMF015,3,1,VES,8022.0,2023-12-26,0.0,480.0,10176.0,0.7883254716981132
1287,TMF015,3,1,NOT,8618.0,2023-12-27,60.0,420.0,8904.0,0.9678796046720575
1288,TMF015,3,1,MAT,5524.0,2023-12-27,60.0,420.0,8904.0,0.6203953279424977
1289,TMF015,3,1,VES,6638.0,2023-12-27,60.0,420.0,8904.0,0.745507637017071
1290,TMF015,3,1,NOT,9226.0,2023-12-28,0.0,480.0,10176.0,0.9066430817610063
1291,TMF015,3,1,MAT,6452.0,2023-12-28,60.0,420.0,8904.0,0.7246181491464511
1292,TMF015,3,1,VES,7008.0,2023-12-28,60.0,420.0,8904.0,0.7870619946091644
1293,TMF015,3,1,NOT,9080.0,2023-12-29,0.0,480.0,10176.0,0.8922955974842768
1294,TMF015,3,1,MAT,6146.0,2023-12-29,0.0,480.0,10176.0,0.6039701257861635
1295,TMF015,3,1,VES,156.0,2023-12-29,0.0,480.0,10176.0,0.015330188679245283
1296,TMF015,3,1,NOT,0.0,2023-12-30,0.0,480.0,10176.0,0.0
1297,TMF015,3,1,MAT,8.0,2023-12-30,0.0,480.0,10176.0,0.0007861635220125787
1298,TMF015,3,1,VES,0.0,2023-12-30,0.0,480.0,10176.0,0.0
1299,TMF015,3,1,NOT,0.0,2023-12-31,0.0,480.0,10176.0,0.0
1300,TMF015,3,1,MAT,0.0,2023-12-31,0.0,480.0,10176.0,0.0
1301,TMF015,3,1,VES,0.0,2023-12-31,0.0,480.0,10176.0,0.0
