,maquina_id,linha,turno,data_registro,desconto_min,afeta,tempo_esperado_min,performance
0,TMF005,1,NOT,2024-02-01,68.0,10.0,412.0,0.024271844660194174
1,TMF005,1,MAT,2024-02-01,60.0,114.0,420.0,0.2714285714285714
2,TMF005,1,VES,2024-02-01,0.0,480.0,480.0,1.0
3,TMF005,1,NOT,2024-02-02,0.0,0.0,480.0,
4,TMF005,1,VES,2024-02-02,0.0,0.0,480.0,
5,TMF005,1,NOT,2024-02-03,0.0,0.0,480.0,
6,TMF005,1,MAT,2024-02-03,0.0,0.0,480.0,
7,TMF005,1,VES,2024-02-03,0.0,0.0,480.0,
8,TMF005,1,NOT,2024-02-04,0.0,0.0,480.0,
9,TMF005,1,MAT,2024-02-04,0.0,0.0,480.0,
10,TMF005,1,VES,2024-02-04,0.0,0.0,480.0,
11,TMF005,1,NOT,2024-02-05,2.0,10.0,478.0,0.02092050209205021
12,TMF005,1,MAT,2024-02-05,60.0,94.0,420.0,0.22380952380952382
13,TMF005,1,VES,2024-02-05,60.0,88.0,420.0,0.20952380952380953
14,TMF005,1,NOT,2024-02-06,70.0,34.0,410.0,0.08292682926829269
15,TMF005,1,MAT,2024-02-06,60.0,82.0,420.0,0.19523809523809524
16,TMF005,1,VES,2024-02-06,0.0,24.0,480.0,0.05
17,TMF005,1,NOT,2024-02-07,60.0,32.0,420.0,0.0761904761904762
18,TMF005,1,MAT,2024-02-07,60.0,166.0,420.0,0.3952380952380952
19,TMF005,1,VES,2024-02-07,60.0,96.0,420.0,0.22857142857142856
20,TMF005,1,NOT,2024-02-08,0.0,92.0,480.0,0.19166666666666668
21,TMF005,1,MAT,2024-02-08,0.0,154.0,480.0,0.32083333333333336
22,TMF005,1,VES,2024-02-08,0.0,58.0,480.0,0.12083333333333333
23,TMF005,1,NOT,2024-02-09,0.0,82.0,480.0,0.17083333333333334
24,TMF005,1,MAT,2024-02-09,70.0,128.0,410.0,0.3121951219512195
25,TMF005,1,VES,2024-02-09,0.0,32.0,480.0,0.06666666666666667
26,TMF005,1,NOT,2024-02-10,0.0,94.0,480.0,0.19583333333333333
27,TMF005,1,MAT,2024-02-10,60.0,176.0,420.0,0.41904761904761906
28,TMF005,1,VES,2024-02-10,0.0,0.0,480.0,0.0
29,TMF005,1,NOT,2024-02-11,0.0,0.0,480.0,
30,TMF005,1,VES,2024-02-13,0.0,146.0,480.0,0.30416666666666664
31,TMF005,1,NOT,2024-02-14,0.0,334.0,480.0,0.6958333333333333
32,TMF005,1,MAT,2024-02-14,0.0,158.0,480.0,0.32916666666666666
33,TMF005,1,VES,2024-02-14,60.0,142.0,420.0,0.3380952380952381
34,TMF005,1,NOT,2024-02-15,60.0,32.0,420.0,0.0761904761904762
35,TMF005,1,MAT,2024-02-15,0.0,138.0,480.0,0.2875
36,TMF005,1,VES,2024-02-15,0.0,124.0,480.0,0.25833333333333336
37,TMF005,1,NOT,2024-02-16,60.0,78.0,420.0,0.18571428571428572
38,TMF005,1,MAT,2024-02-16,0.0,146.0,480.0,0.30416666666666664
39,TMF005,1,VES,2024-02-16,0.0,100.0,480.0,0.20833333333333334
40,TMF005,1,NOT,2024-02-17,60.0,74.0,420.0,0.1761904761904762
41,TMF005,1,MAT,2024-02-17,60.0,108.0,420.0,0.2571428571428571
42,TMF005,1,VES,2024-02-17,0.0,0.0,480.0,0.0
43,TMF005,1,NOT,2024-02-18,0.0,0.0,480.0,
44,TMF005,1,MAT,2024-02-18,0.0,0.0,480.0,
45,TMF005,1,VES,2024-02-18,0.0,0.0,480.0,
46,TMF005,1,NOT,2024-02-19,60.0,76.0,420.0,0.18095238095238095
47,TMF005,1,MAT,2024-02-19,10.0,204.0,470.0,0.4340425531914894
48,TMF005,1,VES,2024-02-19,0.0,61.0,480.0,0.12708333333333333
49,TMF005,1,NOT,2024-02-20,0.0,154.0,480.0,0.32083333333333336
50,TMF005,1,MAT,2024-02-20,60.0,78.0,420.0,0.18571428571428572
51,TMF005,1,VES,2024-02-20,0.0,190.0,480.0,0.3958333333333333
52,TMF005,1,NOT,2024-02-21,62.0,66.0,418.0,0.15789473684210525
53,TMF005,1,MAT,2024-02-21,0.0,144.0,480.0,0.3
54,TMF005,1,VES,2024-02-21,3.0,12.0,477.0,0.025157232704402517
55,TMF005,1,NOT,2024-02-22,0.0,22.0,480.0,0.04583333333333333
56,TMF005,1,MAT,2024-02-22,60.0,130.0,420.0,0.30952380952380953
57,TMF005,1,VES,2024-02-22,0.0,18.0,480.0,0.0375
58,TMF005,1,NOT,2024-02-23,0.0,26.0,480.0,0.05416666666666667
59,TMF005,1,MAT,2024-02-23,60.0,86.0,420.0,0.20476190476190476
60,TMF005,1,VES,2024-02-23,0.0,0.0,480.0,
61,TMF005,1,NOT,2024-02-24,0.0,0.0,480.0,0.0
62,TMF005,1,VES,2024-02-24,0.0,0.0,480.0,0.0
63,TMF005,1,VES,2024-02-26,0.0,0.0,480.0,0.0
64,TMF005,1,NOT,2024-02-27,0.0,416.0,480.0,0.8666666666666667
65,TMF005,1,MAT,2024-02-27,60.0,78.0,420.0,0.18571428571428572
66,TMF005,1,VES,2024-02-27,2.0,40.0,478.0,0.08368200836820083
67,TMF005,1,NOT,2024-02-28,0.0,84.0,480.0,0.175
68,TMF005,1,MAT,2024-02-28,60.0,86.0,420.0,0.20476190476190476
69,TMF005,1,VES,2024-02-28,60.0,118.0,420.0,0.28095238095238095
70,TMF005,1,NOT,2024-02-29,60.0,74.0,420.0,0.1761904761904762
71,TMF005,1,MAT,2024-02-29,60.0,74.0,420.0,0.1761904761904762
72,TMF005,1,VES,2024-02-29,60.0,114.0,420.0,0.2714285714285714
73,TMF002,2,NOT,2024-02-01,68.0,10.0,412.0,0.024271844660194174
74,TMF002,2,MAT,2024-02-01,60.0,114.0,420.0,0.2714285714285714
75,TMF002,2,VES,2024-02-01,0.0,480.0,480.0,1.0
76,TMF002,2,NOT,2024-02-02,0.0,0.0,480.0,
77,TMF002,2,VES,2024-02-02,0.0,0.0,480.0,
78,TMF002,2,NOT,2024-02-03,0.0,0.0,480.0,
79,TMF002,2,MAT,2024-02-03,0.0,0.0,480.0,
80,TMF002,2,VES,2024-02-03,0.0,0.0,480.0,
81,TMF002,2,NOT,2024-02-04,0.0,0.0,480.0,
82,TMF002,2,MAT,2024-02-04,0.0,0.0,480.0,
83,TMF002,2,VES,2024-02-04,0.0,0.0,480.0,
84,TMF002,2,NOT,2024-02-05,2.0,10.0,478.0,0.02092050209205021
85,TMF002,2,MAT,2024-02-05,60.0,102.0,420.0,0.24285714285714285
86,TMF002,2,VES,2024-02-05,60.0,78.0,420.0,0.18571428571428572
87,TMF002,2,NOT,2024-02-06,60.0,30.0,420.0,0.07142857142857142
88,TMF002,2,MAT,2024-02-06,0.0,142.0,480.0,0.29583333333333334
89,TMF002,2,VES,2024-02-06,0.0,104.0,480.0,0.21666666666666667
90,TMF002,2,NOT,2024-02-07,60.0,8.0,420.0,0.01904761904761905
91,TMF002,2,MAT,2024-02-07,0.0,228.0,480.0,0.475
92,TMF002,2,VES,2024-02-07,0.0,30.0,480.0,0.0625
93,TMF002,2,NOT,2024-02-08,60.0,20.0,420.0,0.047619047619047616
94,TMF002,2,MAT,2024-02-08,0.0,168.0,480.0,0.35
95,TMF002,2,VES,2024-02-08,0.0,42.0,480.0,0.0875
96,TMF002,2,NOT,2024-02-09,0.0,100.0,480.0,0.20833333333333334
97,TMF002,2,MAT,2024-02-09,60.0,104.0,420.0,0.24761904761904763
98,TMF002,2,VES,2024-02-09,0.0,50.0,480.0,0.10416666666666667
99,TMF002,2,NOT,2024-02-10,0.0,82.0,480.0,0.17083333333333334
100,TMF002,2,MAT,2024-02-10,60.0,100.0,420.0,0.23809523809523808
101,TMF002,2,VES,2024-02-10,0.0,0.0,480.0,0.0
102,TMF002,2,NOT,2024-02-11,0.0,0.0,480.0,
103,TMF002,2,VES,2024-02-13,0.0,480.0,480.0,1.0
104,TMF002,2,NOT,2024-02-14,0.0,0.0,480.0,
105,TMF002,2,MAT,2024-02-14,0.0,0.0,480.0,
106,TMF002,2,VES,2024-02-14,0.0,0.0,480.0,
107,TMF002,2,NOT,2024-02-15,0.0,0.0,480.0,
108,TMF002,2,MAT,2024-02-15,0.0,0.0,480.0,
109,TMF002,2,VES,2024-02-15,0.0,0.0,480.0,
110,TMF002,2,NOT,2024-02-16,0.0,0.0,480.0,
111,TMF002,2,MAT,2024-02-16,0.0,0.0,480.0,
112,TMF002,2,VES,2024-02-16,0.0,0.0,480.0,
113,TMF002,2,NOT,2024-02-17,0.0,0.0,480.0,
114,TMF002,2,MAT,2024-02-17,0.0,0.0,480.0,
115,TMF002,2,VES,2024-02-17,0.0,0.0,480.0,0.0
116,TMF002,2,NOT,2024-02-18,0.0,0.0,480.0,
117,TMF002,2,MAT,2024-02-18,0.0,0.0,480.0,
118,TMF002,2,VES,2024-02-18,0.0,0.0,480.0,
119,TMF002,2,NOT,2024-02-19,0.0,0.0,480.0,
120,TMF002,2,MAT,2024-02-19,0.0,0.0,480.0,
121,TMF002,2,VES,2024-02-19,0.0,0.0,480.0,
122,TMF002,2,NOT,2024-02-20,0.0,410.0,480.0,0.8541666666666666
123,TMF002,2,MAT,2024-02-20,0.0,0.0,480.0,
124,TMF002,2,VES,2024-02-20,0.0,10.0,480.0,0.020833333333333332
125,TMF002,2,NOT,2024-02-21,60.0,76.0,420.0,0.18095238095238095
126,TMF002,2,MAT,2024-02-21,0.0,306.0,480.0,0.6375
127,TMF002,2,VES,2024-02-21,0.0,0.0,480.0,
128,TMF002,2,NOT,2024-02-22,0.0,0.0,480.0,
129,TMF002,2,MAT,2024-02-22,0.0,0.0,480.0,
130,TMF002,2,VES,2024-02-22,0.0,0.0,480.0,
131,TMF002,2,NOT,2024-02-23,0.0,0.0,480.0,
132,TMF002,2,MAT,2024-02-23,60.0,420.0,420.0,1.0
133,TMF002,2,VES,2024-02-23,0.0,0.0,480.0,
134,TMF002,2,NOT,2024-02-24,0.0,0.0,480.0,0.0
135,TMF002,2,VES,2024-02-24,0.0,0.0,480.0,0.0
136,TMF002,2,VES,2024-02-26,0.0,0.0,480.0,0.0
137,TMF002,2,NOT,2024-02-27,0.0,110.0,480.0,0.22916666666666666
138,TMF002,2,MAT,2024-02-27,10.0,438.0,470.0,0.9319148936170213
139,TMF002,2,VES,2024-02-27,0.0,0.0,480.0,
140,TMF002,2,NOT,2024-02-28,0.0,0.0,480.0,
141,TMF002,2,MAT,2024-02-28,0.0,0.0,480.0,
142,TMF002,2,VES,2024-02-28,0.0,0.0,480.0,
143,TMF002,2,NOT,2024-02-29,0.0,0.0,480.0,
144,TMF002,2,MAT,2024-02-29,0.0,0.0,480.0,
145,TMF002,2,VES,2024-02-29,0.0,0.0,480.0,0.0
146,TMF015,3,NOT,2024-02-01,68.0,14.0,412.0,0.03398058252427184
147,TMF015,3,MAT,2024-02-01,60.0,60.0,420.0,0.14285714285714285
148,TMF015,3,VES,2024-02-01,0.0,480.0,480.0,1.0
149,TMF015,3,NOT,2024-02-02,0.0,0.0,480.0,
150,TMF015,3,VES,2024-02-02,0.0,0.0,480.0,
151,TMF015,3,NOT,2024-02-03,0.0,0.0,480.0,
152,TMF015,3,MAT,2024-02-03,0.0,0.0,480.0,
153,TMF015,3,VES,2024-02-03,0.0,0.0,480.0,
154,TMF015,3,NOT,2024-02-04,0.0,0.0,480.0,
155,TMF015,3,MAT,2024-02-04,0.0,0.0,480.0,
156,TMF015,3,VES,2024-02-04,0.0,0.0,480.0,
157,TMF015,3,NOT,2024-02-05,70.0,12.0,410.0,0.02926829268292683
158,TMF015,3,MAT,2024-02-05,60.0,232.0,420.0,0.5523809523809524
159,TMF015,3,VES,2024-02-05,60.0,128.0,420.0,0.3047619047619048
160,TMF015,3,NOT,2024-02-06,70.0,10.0,410.0,0.024390243902439025
161,TMF015,3,MAT,2024-02-06,60.0,98.0,420.0,0.23333333333333334
162,TMF015,3,VES,2024-02-06,60.0,158.0,420.0,0.3761904761904762
163,TMF015,3,NOT,2024-02-07,60.0,16.0,420.0,0.0380952380952381
164,TMF015,3,MAT,2024-02-07,10.0,330.0,470.0,0.7021276595744681
165,TMF015,3,VES,2024-02-07,0.0,60.0,480.0,0.125
166,TMF015,3,NOT,2024-02-08,60.0,2.0,420.0,0.004761904761904762
167,TMF015,3,MAT,2024-02-08,0.0,178.0,480.0,0.37083333333333335
168,TMF015,3,VES,2024-02-08,0.0,62.0,480.0,0.12916666666666668
169,TMF015,3,NOT,2024-02-09,0.0,84.0,480.0,0.175
170,TMF015,3,MAT,2024-02-09,60.0,138.0,420.0,0.32857142857142857
171,TMF015,3,VES,2024-02-09,0.0,56.0,480.0,0.11666666666666667
172,TMF015,3,NOT,2024-02-10,0.0,90.0,480.0,0.1875
173,TMF015,3,MAT,2024-02-10,60.0,134.0,420.0,0.319047619047619
174,TMF015,3,VES,2024-02-10,0.0,0.0,480.0,0.0
175,TMF015,3,NOT,2024-02-11,0.0,0.0,480.0,
176,TMF015,3,VES,2024-02-13,0.0,146.0,480.0,0.30416666666666664
177,TMF015,3,NOT,2024-02-14,0.0,334.0,480.0,0.6958333333333333
178,TMF015,3,MAT,2024-02-14,0.0,6.0,480.0,0.0125
179,TMF015,3,VES,2024-02-14,60.0,152.0,420.0,0.3619047619047619
180,TMF015,3,NOT,2024-02-15,0.0,2.0,480.0,0.004166666666666667
181,TMF015,3,MAT,2024-02-15,0.0,8.0,480.0,0.016666666666666666
182,TMF015,3,VES,2024-02-15,0.0,46.0,480.0,0.09583333333333334
183,TMF015,3,NOT,2024-02-16,60.0,244.0,420.0,0.580952380952381
184,TMF015,3,MAT,2024-02-16,0.0,0.0,480.0,
185,TMF015,3,VES,2024-02-16,0.0,52.0,480.0,0.10833333333333334
186,TMF015,3,NOT,2024-02-17,0.0,24.0,480.0,0.05
187,TMF015,3,MAT,2024-02-17,0.0,0.0,480.0,
188,TMF015,3,VES,2024-02-17,0.0,12.0,480.0,0.025
189,TMF015,3,NOT,2024-02-18,0.0,0.0,480.0,
190,TMF015,3,MAT,2024-02-18,0.0,0.0,480.0,
191,TMF015,3,VES,2024-02-18,0.0,0.0,480.0,
192,TMF015,3,NOT,2024-02-19,62.0,78.0,418.0,0.18660287081339713
193,TMF015,3,MAT,2024-02-19,0.0,162.0,480.0,0.3375
194,TMF015,3,VES,2024-02-19,0.0,75.0,480.0,0.15625
195,TMF015,3,NOT,2024-02-20,60.0,70.0,420.0,0.16666666666666666
196,TMF015,3,MAT,2024-02-20,0.0,6.0,480.0,0.0125
197,TMF015,3,VES,2024-02-20,0.0,68.0,480.0,0.14166666666666666
198,TMF015,3,NOT,2024-02-21,62.0,116.0,418.0,0.27751196172248804
199,TMF015,3,MAT,2024-02-21,70.0,188.0,410.0,0.4585365853658537
200,TMF015,3,VES,2024-02-21,0.0,21.0,480.0,0.04375
201,TMF015,3,NOT,2024-02-22,10.0,12.0,470.0,0.02553191489361702
202,TMF015,3,MAT,2024-02-22,60.0,172.0,420.0,0.4095238095238095
203,TMF015,3,VES,2024-02-22,0.0,18.0,480.0,0.0375
204,TMF015,3,NOT,2024-02-23,0.0,30.0,480.0,0.0625
205,TMF015,3,MAT,2024-02-23,60.0,130.0,420.0,0.30952380952380953
206,TMF015,3,VES,2024-02-23,0.0,0.0,480.0,
207,TMF015,3,NOT,2024-02-24,10.0,470.0,470.0,1.0
208,TMF015,3,VES,2024-02-24,0.0,0.0,480.0,0.0
209,TMF015,3,VES,2024-02-26,10.0,262.0,470.0,0.5574468085106383
210,TMF015,3,NOT,2024-02-27,0.0,76.0,480.0,0.15833333333333333
211,TMF015,3,MAT,2024-02-27,60.0,98.0,420.0,0.23333333333333334
212,TMF015,3,VES,2024-02-27,2.0,52.0,478.0,0.1087866108786611
213,TMF015,3,NOT,2024-02-28,0.0,64.0,480.0,0.13333333333333333
214,TMF015,3,MAT,2024-02-28,0.0,12.0,480.0,0.025
215,TMF015,3,VES,2024-02-28,0.0,0.0,480.0,
216,TMF015,3,NOT,2024-02-29,0.0,480.0,480.0,1.0
217,TMF015,3,MAT,2024-02-29,0.0,0.0,480.0,
218,TMF015,3,VES,2024-02-29,0.0,0.0,480.0,0.0
219,TMF011,4,NOT,2024-02-01,70.0,16.0,410.0,0.03902439024390244
220,TMF011,4,MAT,2024-02-01,60.0,68.0,420.0,0.1619047619047619
221,TMF011,4,VES,2024-02-01,0.0,480.0,480.0,1.0
222,TMF011,4,NOT,2024-02-02,0.0,0.0,480.0,
223,TMF011,4,VES,2024-02-02,0.0,0.0,480.0,
224,TMF011,4,NOT,2024-02-03,0.0,0.0,480.0,
225,TMF011,4,MAT,2024-02-03,0.0,0.0,480.0,
226,TMF011,4,VES,2024-02-03,0.0,0.0,480.0,
227,TMF011,4,NOT,2024-02-04,0.0,0.0,480.0,
228,TMF011,4,MAT,2024-02-04,0.0,0.0,480.0,
229,TMF011,4,VES,2024-02-04,0.0,0.0,480.0,
230,TMF011,4,NOT,2024-02-05,10.0,470.0,470.0,1.0
231,TMF011,4,MAT,2024-02-05,60.0,70.0,420.0,0.16666666666666666
232,TMF011,4,VES,2024-02-05,60.0,124.0,420.0,0.29523809523809524
233,TMF011,4,NOT,2024-02-06,60.0,24.0,420.0,0.05714285714285714
234,TMF011,4,MAT,2024-02-06,60.0,58.0,420.0,0.1380952380952381
235,TMF011,4,VES,2024-02-06,0.0,34.0,480.0,0.07083333333333333
236,TMF011,4,NOT,2024-02-07,0.0,66.0,480.0,0.1375
237,TMF011,4,MAT,2024-02-07,60.0,198.0,420.0,0.4714285714285714
238,TMF011,4,VES,2024-02-07,0.0,72.0,480.0,0.15
239,TMF011,4,NOT,2024-02-08,60.0,12.0,420.0,0.02857142857142857
240,TMF011,4,MAT,2024-02-08,60.0,74.0,420.0,0.1761904761904762
241,TMF011,4,VES,2024-02-08,0.0,32.0,480.0,0.06666666666666667
242,TMF011,4,NOT,2024-02-09,0.0,86.0,480.0,0.17916666666666667
243,TMF011,4,MAT,2024-02-09,0.0,94.0,480.0,0.19583333333333333
244,TMF011,4,VES,2024-02-09,0.0,62.0,480.0,0.12916666666666668
245,TMF011,4,NOT,2024-02-10,10.0,70.0,470.0,0.14893617021276595
246,TMF011,4,MAT,2024-02-10,60.0,114.0,420.0,0.2714285714285714
247,TMF011,4,VES,2024-02-10,0.0,0.0,480.0,0.0
248,TMF011,4,NOT,2024-02-11,0.0,0.0,480.0,
249,TMF011,4,VES,2024-02-13,0.0,480.0,480.0,1.0
250,TMF011,4,NOT,2024-02-14,0.0,0.0,480.0,
251,TMF011,4,MAT,2024-02-14,0.0,88.0,480.0,0.18333333333333332
252,TMF011,4,VES,2024-02-14,60.0,126.0,420.0,0.3
253,TMF011,4,NOT,2024-02-15,0.0,448.0,480.0,0.9333333333333333
254,TMF011,4,MAT,2024-02-15,0.0,16.0,480.0,0.03333333333333333
255,TMF011,4,VES,2024-02-15,0.0,18.0,480.0,0.0375
256,TMF011,4,NOT,2024-02-16,0.0,166.0,480.0,0.3458333333333333
257,TMF011,4,MAT,2024-02-16,0.0,90.0,480.0,0.1875
258,TMF011,4,VES,2024-02-16,0.0,28.0,480.0,0.058333333333333334
259,TMF011,4,NOT,2024-02-17,60.0,78.0,420.0,0.18571428571428572
260,TMF011,4,MAT,2024-02-17,60.0,100.0,420.0,0.23809523809523808
261,TMF011,4,VES,2024-02-17,0.0,0.0,480.0,0.0
262,TMF011,4,NOT,2024-02-18,0.0,0.0,480.0,
263,TMF011,4,MAT,2024-02-18,0.0,0.0,480.0,
264,TMF011,4,VES,2024-02-18,0.0,0.0,480.0,
265,TMF011,4,NOT,2024-02-19,2.0,20.0,478.0,0.04184100418410042
266,TMF011,4,MAT,2024-02-19,0.0,114.0,480.0,0.2375
267,TMF011,4,VES,2024-02-19,0.0,58.0,480.0,0.12083333333333333
268,TMF011,4,NOT,2024-02-20,60.0,98.0,420.0,0.23333333333333334
269,TMF011,4,MAT,2024-02-20,12.0,168.0,468.0,0.358974358974359
270,TMF011,4,VES,2024-02-20,0.0,82.0,480.0,0.17083333333333334
271,TMF011,4,NOT,2024-02-21,2.0,12.0,478.0,0.02510460251046025
272,TMF011,4,MAT,2024-02-21,60.0,30.0,420.0,0.07142857142857142
273,TMF011,4,VES,2024-02-21,0.0,18.0,480.0,0.0375
274,TMF011,4,NOT,2024-02-22,10.0,20.0,470.0,0.0425531914893617
275,TMF011,4,MAT,2024-02-22,60.0,90.0,420.0,0.21428571428571427
276,TMF011,4,VES,2024-02-22,60.0,8.0,420.0,0.01904761904761905
277,TMF011,4,NOT,2024-02-23,0.0,56.0,480.0,0.11666666666666667
278,TMF011,4,MAT,2024-02-23,60.0,120.0,420.0,0.2857142857142857
279,TMF011,4,VES,2024-02-23,0.0,0.0,480.0,
280,TMF011,4,NOT,2024-02-24,0.0,0.0,480.0,
281,TMF011,4,VES,2024-02-24,0.0,0.0,480.0,0.0
282,TMF011,4,VES,2024-02-26,0.0,0.0,480.0,0.0
283,TMF011,4,NOT,2024-02-27,0.0,96.0,480.0,0.2
284,TMF011,4,MAT,2024-02-27,0.0,46.0,480.0,0.09583333333333334
285,TMF011,4,VES,2024-02-27,0.0,24.0,480.0,0.05
286,TMF011,4,NOT,2024-02-28,0.0,68.0,480.0,0.14166666666666666
287,TMF011,4,MAT,2024-02-28,60.0,82.0,420.0,0.19523809523809524
288,TMF011,4,VES,2024-02-28,60.0,78.0,420.0,0.18571428571428572
289,TMF011,4,NOT,2024-02-29,60.0,74.0,420.0,0.1761904761904762
290,TMF011,4,MAT,2024-02-29,60.0,90.0,420.0,0.21428571428571427
291,TMF011,4,VES,2024-02-29,60.0,74.0,420.0,0.1761904761904762
292,TMF014,5,NOT,2024-02-01,68.0,10.0,412.0,0.024271844660194174
293,TMF014,5,MAT,2024-02-01,0.0,44.0,480.0,0.09166666666666666
294,TMF014,5,VES,2024-02-01,0.0,480.0,480.0,1.0
295,TMF014,5,NOT,2024-02-02,0.0,0.0,480.0,
296,TMF014,5,VES,2024-02-02,0.0,0.0,480.0,
297,TMF014,5,NOT,2024-02-03,0.0,0.0,480.0,
298,TMF014,5,MAT,2024-02-03,0.0,0.0,480.0,
299,TMF014,5,VES,2024-02-03,0.0,0.0,480.0,
300,TMF014,5,NOT,2024-02-04,0.0,0.0,480.0,
301,TMF014,5,MAT,2024-02-04,0.0,0.0,480.0,
302,TMF014,5,VES,2024-02-04,0.0,0.0,480.0,
303,TMF014,5,NOT,2024-02-05,60.0,14.0,420.0,0.03333333333333333
304,TMF014,5,MAT,2024-02-05,0.0,0.0,480.0,
305,TMF014,5,VES,2024-02-05,0.0,0.0,480.0,
306,TMF014,5,NOT,2024-02-06,0.0,480.0,480.0,1.0
307,TMF014,5,MAT,2024-02-06,0.0,0.0,480.0,
308,TMF014,5,VES,2024-02-06,0.0,0.0,480.0,
309,TMF014,5,NOT,2024-02-07,0.0,0.0,480.0,
310,TMF014,5,MAT,2024-02-07,0.0,0.0,480.0,
311,TMF014,5,VES,2024-02-07,0.0,2.0,480.0,0.004166666666666667
312,TMF014,5,NOT,2024-02-08,0.0,10.0,480.0,0.020833333333333332
313,TMF014,5,MAT,2024-02-08,0.0,18.0,480.0,0.0375
314,TMF014,5,VES,2024-02-08,60.0,32.0,420.0,0.0761904761904762
315,TMF014,5,NOT,2024-02-09,0.0,90.0,480.0,0.1875
316,TMF014,5,MAT,2024-02-09,0.0,48.0,480.0,0.1
317,TMF014,5,VES,2024-02-09,60.0,30.0,420.0,0.07142857142857142
318,TMF014,5,NOT,2024-02-10,10.0,68.0,470.0,0.14468085106382977
319,TMF014,5,MAT,2024-02-10,0.0,68.0,480.0,0.14166666666666666
320,TMF014,5,VES,2024-02-10,0.0,0.0,480.0,0.0
321,TMF014,5,NOT,2024-02-11,0.0,0.0,480.0,
322,TMF003,5,VES,2024-02-13,0.0,146.0,480.0,0.30416666666666664
323,TMF003,5,NOT,2024-02-14,0.0,26.0,480.0,0.05416666666666667
324,TMF003,5,MAT,2024-02-14,0.0,84.0,480.0,0.175
325,TMF003,5,VES,2024-02-14,14.0,100.0,466.0,0.2145922746781116
326,TMF003,5,NOT,2024-02-15,60.0,100.0,420.0,0.23809523809523808
327,TMF003,5,MAT,2024-02-15,0.0,30.0,480.0,0.0625
328,TMF003,5,VES,2024-02-15,0.0,158.0,480.0,0.32916666666666666
329,TMF003,5,NOT,2024-02-16,0.0,8.0,480.0,0.016666666666666666
330,TMF003,5,MAT,2024-02-16,0.0,168.0,480.0,0.35
331,TMF003,5,VES,2024-02-16,0.0,144.0,480.0,0.3
332,TMF003,5,NOT,2024-02-17,0.0,10.0,480.0,0.020833333333333332
333,TMF003,5,MAT,2024-02-17,0.0,164.0,480.0,0.3416666666666667
334,TMF003,5,VES,2024-02-17,0.0,0.0,480.0,0.0
335,TMF003,5,NOT,2024-02-18,0.0,0.0,480.0,
336,TMF003,5,MAT,2024-02-18,0.0,0.0,480.0,
337,TMF003,5,VES,2024-02-18,0.0,0.0,480.0,
338,TMF003,5,NOT,2024-02-19,4.0,14.0,476.0,0.029411764705882353
339,TMF003,5,MAT,2024-02-19,0.0,8.0,480.0,0.016666666666666666
340,TMF003,5,VES,2024-02-19,60.0,132.0,420.0,0.3142857142857143
341,TMF003,5,NOT,2024-02-20,0.0,28.0,480.0,0.058333333333333334
342,TMF003,5,MAT,2024-02-20,0.0,18.0,480.0,0.0375
343,TMF003,5,VES,2024-02-20,0.0,90.0,480.0,0.1875
344,TMF003,5,NOT,2024-02-21,2.0,18.0,478.0,0.03765690376569038
345,TMF003,5,MAT,2024-02-21,0.0,0.0,480.0,0.0
346,TMF003,5,VES,2024-02-21,60.0,112.0,420.0,0.26666666666666666
347,TMF003,5,NOT,2024-02-22,60.0,88.0,420.0,0.20952380952380953
348,TMF003,5,MAT,2024-02-22,0.0,208.0,480.0,0.43333333333333335
349,TMF003,5,VES,2024-02-22,60.0,66.0,420.0,0.15714285714285714
350,TMF003,5,NOT,2024-02-23,60.0,96.0,420.0,0.22857142857142856
351,TMF003,5,MAT,2024-02-23,10.0,62.0,470.0,0.13191489361702127
352,TMF003,5,VES,2024-02-23,0.0,0.0,480.0,
353,TMF003,5,NOT,2024-02-24,0.0,0.0,480.0,0.0
354,TMF003,5,VES,2024-02-24,0.0,0.0,480.0,0.0
355,TMF003,5,VES,2024-02-26,0.0,0.0,480.0,0.0
356,TMF003,5,NOT,2024-02-27,0.0,78.0,480.0,0.1625
357,TMF003,5,MAT,2024-02-27,0.0,10.0,480.0,0.020833333333333332
358,TMF003,5,VES,2024-02-27,60.0,98.0,420.0,0.23333333333333334
359,TMF003,5,NOT,2024-02-28,0.0,106.0,480.0,0.22083333333333333
360,TMF003,5,MAT,2024-02-28,0.0,10.0,480.0,0.020833333333333332
361,TMF003,5,VES,2024-02-28,0.0,22.0,480.0,0.04583333333333333
362,TMF003,5,NOT,2024-02-29,60.0,76.0,420.0,0.18095238095238095
363,TMF003,5,MAT,2024-02-29,0.0,40.0,480.0,0.08333333333333333
364,TMF003,5,VES,2024-02-29,0.0,64.0,480.0,0.13333333333333333
365,TMF004,6,NOT,2024-02-01,0.0,0.0,480.0,
366,TMF004,6,MAT,2024-02-01,0.0,0.0,480.0,
367,TMF004,6,VES,2024-02-01,0.0,480.0,480.0,1.0
368,TMF004,6,NOT,2024-02-02,0.0,0.0,480.0,
369,TMF004,6,VES,2024-02-02,0.0,0.0,480.0,
370,TMF004,6,NOT,2024-02-03,0.0,0.0,480.0,
371,TMF004,6,MAT,2024-02-03,0.0,0.0,480.0,
372,TMF004,6,VES,2024-02-03,0.0,0.0,480.0,
373,TMF004,6,NOT,2024-02-04,0.0,0.0,480.0,
374,TMF004,6,MAT,2024-02-04,0.0,0.0,480.0,
375,TMF004,6,VES,2024-02-04,0.0,0.0,480.0,
376,TMF004,6,NOT,2024-02-05,10.0,470.0,470.0,1.0
377,TMF004,6,MAT,2024-02-05,0.0,36.0,480.0,0.075
378,TMF004,6,VES,2024-02-05,0.0,42.0,480.0,0.0875
379,TMF004,6,NOT,2024-02-06,60.0,22.0,420.0,0.05238095238095238
380,TMF004,6,MAT,2024-02-06,0.0,10.0,480.0,0.020833333333333332
381,TMF004,6,VES,2024-02-06,0.0,2.0,480.0,0.004166666666666667
382,TMF004,6,NOT,2024-02-07,60.0,46.0,420.0,0.10952380952380952
383,TMF004,6,MAT,2024-02-07,0.0,20.0,480.0,0.041666666666666664
384,TMF004,6,VES,2024-02-07,2.0,4.0,478.0,0.008368200836820083
385,TMF004,6,NOT,2024-02-08,0.0,0.0,480.0,
386,TMF004,6,MAT,2024-02-08,0.0,0.0,480.0,
387,TMF004,6,VES,2024-02-08,0.0,0.0,480.0,
388,TMF004,6,NOT,2024-02-09,0.0,0.0,480.0,
389,TMF004,6,MAT,2024-02-09,0.0,0.0,480.0,
390,TMF004,6,VES,2024-02-09,0.0,0.0,480.0,
391,TMF004,6,NOT,2024-02-10,0.0,0.0,480.0,
392,TMF004,6,MAT,2024-02-10,0.0,0.0,480.0,
393,TMF004,6,VES,2024-02-10,0.0,0.0,480.0,0.0
394,TMF004,6,NOT,2024-02-11,0.0,0.0,480.0,
395,TMF001,6,VES,2024-02-13,0.0,146.0,480.0,0.30416666666666664
396,TMF001,6,NOT,2024-02-14,0.0,372.0,480.0,0.775
397,TMF001,6,MAT,2024-02-14,0.0,398.0,480.0,0.8291666666666667
398,TMF001,6,VES,2024-02-14,0.0,480.0,480.0,1.0
399,TMF001,6,NOT,2024-02-15,60.0,420.0,420.0,1.0
400,TMF001,6,MAT,2024-02-15,2.0,24.0,478.0,0.0502092050209205
401,TMF001,6,VES,2024-02-15,0.0,70.0,480.0,0.14583333333333334
402,TMF001,6,NOT,2024-02-16,0.0,4.0,480.0,0.008333333333333333
403,TMF001,6,MAT,2024-02-16,0.0,76.0,480.0,0.15833333333333333
404,TMF001,6,VES,2024-02-16,0.0,0.0,480.0,
405,TMF001,6,NOT,2024-02-17,0.0,0.0,480.0,
406,TMF001,6,MAT,2024-02-17,0.0,90.0,480.0,0.1875
407,TMF001,6,VES,2024-02-17,0.0,0.0,480.0,0.0
408,TMF001,6,NOT,2024-02-18,0.0,0.0,480.0,
409,TMF001,6,MAT,2024-02-18,0.0,0.0,480.0,
410,TMF001,6,VES,2024-02-18,0.0,0.0,480.0,
411,TMF001,6,NOT,2024-02-19,0.0,0.0,480.0,
412,TMF001,6,MAT,2024-02-19,0.0,44.0,480.0,0.09166666666666666
413,TMF001,6,VES,2024-02-19,60.0,126.0,420.0,0.3
414,TMF001,6,NOT,2024-02-20,0.0,2.0,480.0,0.004166666666666667
415,TMF001,6,MAT,2024-02-20,0.0,12.0,480.0,0.025
416,TMF001,6,VES,2024-02-20,0.0,0.0,480.0,
417,TMF001,6,NOT,2024-02-21,0.0,0.0,480.0,
418,TMF001,6,MAT,2024-02-21,0.0,0.0,480.0,
419,TMF001,6,VES,2024-02-21,0.0,0.0,480.0,
420,TMF001,6,NOT,2024-02-22,10.0,470.0,470.0,1.0
421,TMF001,6,MAT,2024-02-22,0.0,58.0,480.0,0.12083333333333333
422,TMF001,6,VES,2024-02-22,60.0,96.0,420.0,0.22857142857142856
423,TMF001,6,NOT,2024-02-23,0.0,170.0,480.0,0.3541666666666667
424,TMF001,6,MAT,2024-02-23,0.0,16.0,480.0,0.03333333333333333
425,TMF001,6,VES,2024-02-23,0.0,0.0,480.0,
426,TMF001,6,NOT,2024-02-24,0.0,0.0,480.0,
427,TMF001,6,VES,2024-02-24,0.0,0.0,480.0,0.0
428,TMF001,6,VES,2024-02-26,0.0,0.0,480.0,
429,TMF001,6,NOT,2024-02-27,0.0,0.0,480.0,
430,TMF001,6,MAT,2024-02-27,0.0,0.0,480.0,0.0
431,TMF001,6,VES,2024-02-27,0.0,0.0,480.0,
432,TMF001,6,NOT,2024-02-28,0.0,0.0,480.0,
433,TMF001,6,MAT,2024-02-28,0.0,56.0,480.0,0.11666666666666667
434,TMF001,6,VES,2024-02-28,0.0,16.0,480.0,0.03333333333333333
435,TMF001,6,NOT,2024-02-29,0.0,8.0,480.0,0.016666666666666666
436,TMF001,6,MAT,2024-02-29,0.0,48.0,480.0,0.1
437,TMF001,6,VES,2024-02-29,0.0,32.0,480.0,0.06666666666666667
438,TMF009,7,NOT,2024-02-01,0.0,0.0,480.0,0.0
439,TMF009,7,MAT,2024-02-01,0.0,12.0,480.0,0.025
440,TMF009,7,VES,2024-02-01,0.0,480.0,480.0,1.0
441,TMF009,7,NOT,2024-02-02,0.0,0.0,480.0,
442,TMF009,7,VES,2024-02-02,0.0,0.0,480.0,0.0
443,TMF006,7,NOT,2024-02-03,0.0,0.0,480.0,
444,TMF006,7,MAT,2024-02-03,0.0,0.0,480.0,
445,TMF006,7,VES,2024-02-03,0.0,0.0,480.0,
446,TMF006,7,NOT,2024-02-04,0.0,0.0,480.0,
447,TMF006,7,MAT,2024-02-04,0.0,0.0,480.0,
448,TMF006,7,VES,2024-02-04,0.0,0.0,480.0,
449,TMF006,7,NOT,2024-02-05,0.0,96.0,480.0,0.2
450,TMF006,7,MAT,2024-02-05,0.0,96.0,480.0,0.2
451,TMF006,7,VES,2024-02-05,0.0,394.0,480.0,0.8208333333333333
452,TMF006,7,NOT,2024-02-06,60.0,420.0,420.0,1.0
453,TMF006,7,MAT,2024-02-06,0.0,0.0,480.0,
454,TMF006,7,VES,2024-02-06,60.0,240.0,420.0,0.5714285714285714
455,TMF006,7,NOT,2024-02-07,60.0,44.0,420.0,0.10476190476190476
456,TMF006,7,MAT,2024-02-07,0.0,62.0,480.0,0.12916666666666668
457,TMF006,7,VES,2024-02-07,60.0,94.0,420.0,0.22380952380952382
458,TMF006,7,NOT,2024-02-08,60.0,44.0,420.0,0.10476190476190476
459,TMF006,7,MAT,2024-02-08,0.0,26.0,480.0,0.05416666666666667
460,TMF006,7,VES,2024-02-08,60.0,118.0,420.0,0.28095238095238095
461,TMF006,7,NOT,2024-02-09,0.0,158.0,480.0,0.32916666666666666
462,TMF006,7,MAT,2024-02-09,15.0,107.0,465.0,0.23010752688172043
463,TMF006,7,VES,2024-02-09,60.0,100.0,420.0,0.23809523809523808
464,TMF006,7,NOT,2024-02-10,10.0,72.0,470.0,0.15319148936170213
465,TMF006,7,MAT,2024-02-10,0.0,90.0,480.0,0.1875
466,TMF006,7,VES,2024-02-10,0.0,0.0,480.0,0.0
467,TMF006,7,NOT,2024-02-11,0.0,0.0,480.0,
468,TMF006,7,VES,2024-02-13,0.0,480.0,480.0,1.0
469,TMF006,7,NOT,2024-02-14,0.0,0.0,480.0,
470,TMF006,7,MAT,2024-02-14,0.0,44.0,480.0,0.09166666666666666
471,TMF006,7,VES,2024-02-14,0.0,58.0,480.0,0.12083333333333333
472,TMF006,7,NOT,2024-02-15,15.0,89.0,465.0,0.1913978494623656
473,TMF006,7,MAT,2024-02-15,0.0,22.0,480.0,0.04583333333333333
474,TMF006,7,VES,2024-02-15,0.0,154.0,480.0,0.32083333333333336
475,TMF006,7,NOT,2024-02-16,0.0,10.0,480.0,0.020833333333333332
476,TMF006,7,MAT,2024-02-16,0.0,10.0,480.0,0.020833333333333332
477,TMF006,7,VES,2024-02-16,0.0,144.0,480.0,0.3
478,TMF006,7,NOT,2024-02-17,0.0,2.0,480.0,0.004166666666666667
479,TMF006,7,MAT,2024-02-17,60.0,82.0,420.0,0.19523809523809524
480,TMF006,7,VES,2024-02-17,0.0,6.0,480.0,0.0125
481,TMF006,7,NOT,2024-02-18,0.0,0.0,480.0,
482,TMF006,7,MAT,2024-02-18,0.0,0.0,480.0,
483,TMF006,7,VES,2024-02-18,0.0,0.0,480.0,
484,TMF006,7,NOT,2024-02-19,8.0,12.0,472.0,0.025423728813559324
485,TMF006,7,MAT,2024-02-19,0.0,16.0,480.0,0.03333333333333333
486,TMF006,7,VES,2024-02-19,60.0,118.0,420.0,0.28095238095238095
487,TMF006,7,NOT,2024-02-20,0.0,26.0,480.0,0.05416666666666667
488,TMF006,7,MAT,2024-02-20,0.0,18.0,480.0,0.0375
489,TMF006,7,VES,2024-02-20,60.0,138.0,420.0,0.32857142857142857
490,TMF006,7,NOT,2024-02-21,0.0,6.0,480.0,0.0125
491,TMF006,7,MAT,2024-02-21,0.0,132.0,480.0,0.275
492,TMF006,7,VES,2024-02-21,60.0,154.0,420.0,0.36666666666666664
493,TMF006,7,NOT,2024-02-22,0.0,0.0,480.0,
494,TMF006,7,MAT,2024-02-22,0.0,0.0,480.0,
495,TMF006,7,VES,2024-02-22,0.0,14.0,480.0,0.029166666666666667
496,TMF006,7,NOT,2024-02-23,60.0,94.0,420.0,0.22380952380952382
497,TMF006,7,MAT,2024-02-23,0.0,16.0,480.0,0.03333333333333333
498,TMF006,7,VES,2024-02-23,0.0,0.0,480.0,
499,TMF006,7,NOT,2024-02-24,0.0,0.0,480.0,
500,TMF006,7,VES,2024-02-26,0.0,0.0,480.0,
501,TMF006,7,NOT,2024-02-27,0.0,0.0,480.0,
502,TMF006,7,MAT,2024-02-27,0.0,38.0,480.0,0.07916666666666666
503,TMF006,7,VES,2024-02-27,62.0,82.0,418.0,0.19617224880382775
504,TMF006,7,NOT,2024-02-28,0.0,84.0,480.0,0.175
505,TMF006,7,MAT,2024-02-28,0.0,58.0,480.0,0.12083333333333333
506,TMF006,7,VES,2024-02-28,0.0,32.0,480.0,0.06666666666666667
507,TMF006,7,NOT,2024-02-29,2.0,18.0,478.0,0.03765690376569038
508,TMF006,7,MAT,2024-02-29,0.0,46.0,480.0,0.09583333333333334
509,TMF006,7,VES,2024-02-29,0.0,92.0,480.0,0.19166666666666668
510,TMF003,8,NOT,2024-02-01,68.0,44.0,412.0,0.10679611650485436
511,TMF003,8,MAT,2024-02-01,0.0,70.0,480.0,0.14583333333333334
512,TMF003,8,VES,2024-02-01,0.0,480.0,480.0,1.0
513,TMF003,8,NOT,2024-02-02,0.0,0.0,480.0,
514,TMF003,8,VES,2024-02-02,0.0,0.0,480.0,
515,TMF003,8,NOT,2024-02-03,0.0,0.0,480.0,
516,TMF003,8,MAT,2024-02-03,0.0,0.0,480.0,
517,TMF003,8,VES,2024-02-03,0.0,0.0,480.0,
518,TMF003,8,NOT,2024-02-04,0.0,0.0,480.0,
519,TMF003,8,MAT,2024-02-04,0.0,0.0,480.0,
520,TMF003,8,VES,2024-02-04,0.0,0.0,480.0,
521,TMF003,8,NOT,2024-02-05,0.0,10.0,480.0,0.020833333333333332
522,TMF003,8,MAT,2024-02-05,0.0,28.0,480.0,0.058333333333333334
523,TMF003,8,VES,2024-02-05,0.0,52.0,480.0,0.10833333333333334
524,TMF003,8,NOT,2024-02-06,70.0,44.0,410.0,0.1073170731707317
525,TMF003,8,MAT,2024-02-06,0.0,46.0,480.0,0.09583333333333334
526,TMF003,8,VES,2024-02-06,60.0,112.0,420.0,0.26666666666666666
527,TMF003,8,NOT,2024-02-07,60.0,50.0,420.0,0.11904761904761904
528,TMF003,8,MAT,2024-02-07,0.0,94.0,480.0,0.19583333333333333
529,TMF003,8,VES,2024-02-07,60.0,116.0,420.0,0.2761904761904762
530,TMF003,8,NOT,2024-02-08,60.0,16.0,420.0,0.0380952380952381
531,TMF003,8,MAT,2024-02-08,0.0,20.0,480.0,0.041666666666666664
532,TMF003,8,VES,2024-02-08,60.0,130.0,420.0,0.30952380952380953
533,TMF003,8,NOT,2024-02-09,0.0,244.0,480.0,0.5083333333333333
534,TMF003,8,MAT,2024-02-09,15.0,91.0,465.0,0.1956989247311828
535,TMF003,8,VES,2024-02-09,60.0,94.0,420.0,0.22380952380952382
536,TMF003,8,NOT,2024-02-10,0.0,126.0,480.0,0.2625
537,TMF003,8,MAT,2024-02-10,0.0,42.0,480.0,0.0875
538,TMF003,8,VES,2024-02-10,0.0,0.0,480.0,0.0
539,TMF003,8,NOT,2024-02-11,0.0,0.0,480.0,
540,TMF014,8,VES,2024-02-13,0.0,480.0,480.0,1.0
541,TMF014,8,NOT,2024-02-14,0.0,0.0,480.0,
542,TMF014,8,MAT,2024-02-14,0.0,40.0,480.0,0.08333333333333333
543,TMF014,8,VES,2024-02-14,0.0,116.0,480.0,0.24166666666666667
544,TMF014,8,NOT,2024-02-15,2.0,84.0,478.0,0.17573221757322174
545,TMF014,8,MAT,2024-02-15,0.0,10.0,480.0,0.020833333333333332
546,TMF014,8,VES,2024-02-15,0.0,162.0,480.0,0.3375
547,TMF014,8,NOT,2024-02-16,0.0,94.0,480.0,0.19583333333333333
548,TMF014,8,MAT,2024-02-16,0.0,8.0,480.0,0.016666666666666666
549,TMF014,8,VES,2024-02-16,0.0,202.0,480.0,0.42083333333333334
550,TMF014,8,NOT,2024-02-17,0.0,28.0,480.0,0.058333333333333334
551,TMF014,8,MAT,2024-02-17,0.0,20.0,480.0,0.041666666666666664
552,TMF014,8,VES,2024-02-17,0.0,8.0,480.0,0.016666666666666666
553,TMF014,8,NOT,2024-02-18,0.0,0.0,480.0,
554,TMF014,8,MAT,2024-02-18,0.0,0.0,480.0,
555,TMF014,8,VES,2024-02-18,0.0,28.0,480.0,0.058333333333333334
556,TMF014,8,NOT,2024-02-19,6.0,16.0,474.0,0.03375527426160337
557,TMF014,8,MAT,2024-02-19,0.0,6.0,480.0,0.0125
558,TMF014,8,VES,2024-02-19,60.0,266.0,420.0,0.6333333333333333
559,TMF014,8,NOT,2024-02-20,0.0,0.0,480.0,
560,TMF014,8,MAT,2024-02-20,0.0,26.0,480.0,0.05416666666666667
561,TMF014,8,VES,2024-02-20,60.0,174.0,420.0,0.4142857142857143
562,TMF014,8,NOT,2024-02-21,10.0,470.0,470.0,1.0
563,TMF014,8,MAT,2024-02-21,15.0,91.0,465.0,0.1956989247311828
564,TMF014,8,VES,2024-02-21,0.0,284.0,480.0,0.5916666666666667
565,TMF014,8,NOT,2024-02-22,60.0,82.0,420.0,0.19523809523809524
566,TMF014,8,MAT,2024-02-22,0.0,38.0,480.0,0.07916666666666666
567,TMF014,8,VES,2024-02-22,0.0,18.0,480.0,0.0375
568,TMF014,8,NOT,2024-02-23,0.0,0.0,480.0,
569,TMF014,8,MAT,2024-02-23,0.0,0.0,480.0,0.0
570,TMF014,8,VES,2024-02-23,0.0,0.0,480.0,
571,TMF014,8,NOT,2024-02-24,0.0,0.0,480.0,0.0
572,TMF014,8,VES,2024-02-26,0.0,2.0,480.0,0.004166666666666667
573,TMF014,8,NOT,2024-02-27,0.0,132.0,480.0,0.275
574,TMF014,8,MAT,2024-02-27,0.0,6.0,480.0,0.0125
575,TMF014,8,VES,2024-02-27,62.0,148.0,418.0,0.35406698564593303
576,TMF014,8,NOT,2024-02-28,0.0,156.0,480.0,0.325
577,TMF014,8,MAT,2024-02-28,10.0,56.0,470.0,0.11914893617021277
578,TMF014,8,VES,2024-02-28,0.0,44.0,480.0,0.09166666666666666
579,TMF014,8,NOT,2024-02-29,6.0,26.0,474.0,0.05485232067510549
580,TMF014,8,MAT,2024-02-29,0.0,28.0,480.0,0.058333333333333334
581,TMF014,8,VES,2024-02-29,0.0,16.0,480.0,0.03333333333333333
582,TMF001,9,NOT,2024-02-01,70.0,18.0,410.0,0.04390243902439024
583,TMF001,9,MAT,2024-02-01,0.0,72.0,480.0,0.15
584,TMF001,9,VES,2024-02-01,0.0,480.0,480.0,1.0
585,TMF001,9,NOT,2024-02-02,0.0,0.0,480.0,
586,TMF001,9,VES,2024-02-02,0.0,0.0,480.0,
587,TMF001,9,NOT,2024-02-03,0.0,0.0,480.0,
588,TMF001,9,MAT,2024-02-03,0.0,0.0,480.0,
589,TMF001,9,VES,2024-02-03,0.0,0.0,480.0,
590,TMF001,9,NOT,2024-02-04,0.0,0.0,480.0,
591,TMF001,9,MAT,2024-02-04,0.0,0.0,480.0,
592,TMF001,9,VES,2024-02-04,0.0,0.0,480.0,
593,TMF001,9,NOT,2024-02-05,10.0,450.0,470.0,0.9574468085106383
594,TMF001,9,MAT,2024-02-05,0.0,58.0,480.0,0.12083333333333333
595,TMF001,9,VES,2024-02-05,0.0,28.0,480.0,0.058333333333333334
596,TMF001,9,NOT,2024-02-06,70.0,24.0,410.0,0.05853658536585366
597,TMF001,9,MAT,2024-02-06,0.0,14.0,480.0,0.029166666666666667
598,TMF001,9,VES,2024-02-06,60.0,104.0,420.0,0.24761904761904763
599,TMF001,9,NOT,2024-02-07,60.0,24.0,420.0,0.05714285714285714
600,TMF001,9,MAT,2024-02-07,0.0,20.0,480.0,0.041666666666666664
601,TMF001,9,VES,2024-02-07,60.0,108.0,420.0,0.2571428571428571
602,TMF001,9,NOT,2024-02-08,60.0,10.0,420.0,0.023809523809523808
603,TMF001,9,MAT,2024-02-08,0.0,32.0,480.0,0.06666666666666667
604,TMF001,9,VES,2024-02-08,60.0,126.0,420.0,0.3
605,TMF001,9,NOT,2024-02-09,0.0,150.0,480.0,0.3125
606,TMF001,9,MAT,2024-02-09,15.0,17.0,465.0,0.03655913978494624
607,TMF001,9,VES,2024-02-09,60.0,96.0,420.0,0.22857142857142856
608,TMF001,9,NOT,2024-02-10,0.0,86.0,480.0,0.17916666666666667
609,TMF001,9,MAT,2024-02-10,0.0,66.0,480.0,0.1375
610,TMF001,9,VES,2024-02-10,0.0,0.0,480.0,0.0
611,TMF001,9,NOT,2024-02-11,0.0,0.0,480.0,
612,TMF004,9,VES,2024-02-13,0.0,146.0,480.0,0.30416666666666664
613,TMF004,9,NOT,2024-02-14,0.0,8.0,480.0,0.016666666666666666
614,TMF004,9,MAT,2024-02-14,0.0,62.0,480.0,0.12916666666666668
615,TMF004,9,VES,2024-02-14,0.0,74.0,480.0,0.15416666666666667
616,TMF004,9,NOT,2024-02-15,0.0,48.0,480.0,0.1
617,TMF004,9,MAT,2024-02-15,0.0,94.0,480.0,0.19583333333333333
618,TMF004,9,VES,2024-02-15,0.0,390.0,480.0,0.8125
619,TMF004,9,NOT,2024-02-16,0.0,0.0,480.0,
620,TMF004,9,MAT,2024-02-16,0.0,124.0,480.0,0.25833333333333336
621,TMF004,9,VES,2024-02-16,0.0,14.0,480.0,0.029166666666666667
622,TMF004,9,NOT,2024-02-17,0.0,6.0,480.0,0.0125
623,TMF004,9,MAT,2024-02-17,0.0,60.0,480.0,0.125
624,TMF004,9,VES,2024-02-17,0.0,6.0,480.0,0.0125
625,TMF004,9,NOT,2024-02-18,0.0,0.0,480.0,
626,TMF004,9,MAT,2024-02-18,0.0,0.0,480.0,
627,TMF004,9,VES,2024-02-18,0.0,0.0,480.0,
628,TMF004,9,NOT,2024-02-19,10.0,470.0,470.0,1.0
629,TMF004,9,MAT,2024-02-19,0.0,0.0,480.0,
630,TMF004,9,VES,2024-02-19,0.0,27.0,480.0,0.05625
631,TMF004,9,NOT,2024-02-20,0.0,12.0,480.0,0.025
632,TMF004,9,MAT,2024-02-20,0.0,0.0,480.0,
633,TMF004,9,VES,2024-02-20,0.0,0.0,480.0,
634,TMF004,9,NOT,2024-02-21,10.0,470.0,470.0,1.0
635,TMF004,9,MAT,2024-02-21,15.0,33.0,465.0,0.07096774193548387
636,TMF004,9,VES,2024-02-21,0.0,34.0,480.0,0.07083333333333333
637,TMF004,9,NOT,2024-02-22,60.0,122.0,420.0,0.2904761904761905
638,TMF004,9,MAT,2024-02-22,0.0,22.0,480.0,0.04583333333333333
639,TMF004,9,VES,2024-02-22,0.0,16.0,480.0,0.03333333333333333
640,TMF004,9,NOT,2024-02-23,0.0,0.0,480.0,
641,TMF004,9,MAT,2024-02-23,0.0,226.0,480.0,0.4708333333333333
642,TMF004,9,VES,2024-02-23,0.0,0.0,480.0,0.0
643,TMF004,9,NOT,2024-02-24,15.0,465.0,465.0,1.0
644,TMF004,9,VES,2024-02-26,15.0,257.0,465.0,0.5526881720430108
645,TMF004,9,NOT,2024-02-27,0.0,102.0,480.0,0.2125
646,TMF004,9,MAT,2024-02-27,0.0,0.0,480.0,
647,TMF004,9,VES,2024-02-27,0.0,0.0,480.0,
648,TMF004,9,NOT,2024-02-28,0.0,0.0,480.0,
649,TMF004,9,MAT,2024-02-28,0.0,0.0,480.0,
650,TMF004,9,VES,2024-02-28,0.0,0.0,480.0,
651,TMF004,9,NOT,2024-02-29,0.0,0.0,480.0,
652,TMF004,9,MAT,2024-02-29,0.0,0.0,480.0,
653,TMF004,9,VES,2024-02-29,0.0,0.0,480.0,0.0
654,TMF008,10,VES,2024-02-06,0.0,398.0,480.0,0.8291666666666667
655,TMF008,10,NOT,2024-02-07,0.0,0.0,480.0,
656,TMF008,10,MAT,2024-02-07,0.0,0.0,480.0,
657,TMF008,10,VES,2024-02-07,0.0,0.0,480.0,
658,TMF008,10,NOT,2024-02-08,0.0,0.0,480.0,
659,TMF008,10,MAT,2024-02-08,0.0,0.0,480.0,
660,TMF008,10,VES,2024-02-08,0.0,0.0,480.0,
661,TMF008,10,NOT,2024-02-09,0.0,0.0,480.0,
662,TMF008,10,MAT,2024-02-09,0.0,0.0,480.0,
663,TMF008,10,VES,2024-02-09,0.0,0.0,480.0,
664,TMF008,10,NOT,2024-02-10,0.0,0.0,480.0,
665,TMF008,10,MAT,2024-02-10,0.0,0.0,480.0,
666,TMF008,10,VES,2024-02-10,0.0,0.0,480.0,
667,TMF008,10,NOT,2024-02-11,0.0,0.0,480.0,
668,TMF008,10,MAT,2024-02-11,0.0,0.0,480.0,
669,TMF008,10,VES,2024-02-11,0.0,0.0,480.0,
670,TMF008,10,NOT,2024-02-12,0.0,0.0,480.0,
671,TMF008,10,MAT,2024-02-12,0.0,0.0,480.0,
672,TMF008,10,VES,2024-02-12,0.0,0.0,480.0,
673,TMF008,10,NOT,2024-02-13,0.0,0.0,480.0,
674,TMF008,10,MAT,2024-02-13,0.0,0.0,480.0,
675,TMF008,10,VES,2024-02-13,0.0,0.0,480.0,
676,TMF008,10,NOT,2024-02-14,0.0,74.0,480.0,0.15416666666666667
677,TMF008,10,MAT,2024-02-14,0.0,242.0,480.0,0.5041666666666667
678,TMF008,10,VES,2024-02-14,0.0,0.0,480.0,
679,TMF008,10,NOT,2024-02-15,0.0,0.0,480.0,
680,TMF008,10,MAT,2024-02-15,0.0,0.0,480.0,
681,TMF008,10,VES,2024-02-15,0.0,0.0,480.0,
682,TMF008,10,NOT,2024-02-16,0.0,0.0,480.0,
683,TMF008,10,MAT,2024-02-16,0.0,0.0,480.0,
684,TMF008,10,VES,2024-02-16,0.0,0.0,480.0,
685,TMF008,10,NOT,2024-02-17,0.0,0.0,480.0,
686,TMF008,10,MAT,2024-02-17,0.0,0.0,480.0,
687,TMF008,10,VES,2024-02-17,0.0,0.0,480.0,
688,TMF008,10,NOT,2024-02-18,0.0,0.0,480.0,
689,TMF008,10,MAT,2024-02-18,0.0,0.0,480.0,
690,TMF008,10,VES,2024-02-18,0.0,0.0,480.0,
691,TMF008,10,NOT,2024-02-19,0.0,0.0,480.0,0.0
692,TMF008,10,MAT,2024-02-19,60.0,86.0,420.0,0.20476190476190476
693,TMF008,10,VES,2024-02-19,0.0,6.0,480.0,0.0125
694,TMF008,10,NOT,2024-02-20,0.0,0.0,480.0,
695,TMF008,10,MAT,2024-02-20,0.0,0.0,480.0,
696,TMF008,10,VES,2024-02-20,0.0,0.0,480.0,
697,TMF008,10,NOT,2024-02-21,0.0,0.0,480.0,
698,TMF008,10,MAT,2024-02-21,0.0,0.0,480.0,
699,TMF008,10,VES,2024-02-21,0.0,0.0,480.0,
700,TMF008,10,NOT,2024-02-22,0.0,0.0,480.0,
701,TMF008,10,MAT,2024-02-22,0.0,0.0,480.0,
702,TMF008,10,VES,2024-02-22,0.0,0.0,480.0,
703,TMF008,10,NOT,2024-02-23,0.0,0.0,480.0,
704,TMF008,10,MAT,2024-02-23,0.0,0.0,480.0,
705,TMF008,10,VES,2024-02-23,0.0,480.0,480.0,1.0
706,TMF008,10,NOT,2024-02-24,0.0,0.0,480.0,
707,TMF008,10,MAT,2024-02-24,0.0,0.0,480.0,
708,TMF008,10,VES,2024-02-24,0.0,0.0,480.0,
709,TMF008,10,NOT,2024-02-25,0.0,0.0,480.0,
710,TMF008,10,MAT,2024-02-25,0.0,0.0,480.0,
711,TMF008,10,VES,2024-02-25,0.0,0.0,480.0,
712,TMF008,10,NOT,2024-02-26,0.0,0.0,480.0,
713,TMF008,10,MAT,2024-02-26,0.0,0.0,480.0,
714,TMF008,10,VES,2024-02-26,0.0,14.0,480.0,0.029166666666666667
715,TMF008,10,NOT,2024-02-27,0.0,64.0,480.0,0.13333333333333333
716,TMF008,10,MAT,2024-02-27,0.0,334.0,480.0,0.6958333333333333
717,TMF008,10,VES,2024-02-27,0.0,0.0,480.0,
718,TMF008,10,NOT,2024-02-28,0.0,0.0,480.0,
719,TMF008,10,MAT,2024-02-28,0.0,0.0,480.0,
720,TMF008,10,VES,2024-02-28,0.0,0.0,480.0,
721,TMF008,10,NOT,2024-02-29,0.0,0.0,480.0,
722,TMF008,10,MAT,2024-02-29,0.0,0.0,480.0,
723,TMF008,10,VES,2024-02-29,0.0,0.0,480.0,0.0
724,TMF013,11,NOT,2024-02-01,60.0,20.0,420.0,0.047619047619047616
725,TMF013,11,MAT,2024-02-01,60.0,32.0,420.0,0.0761904761904762
726,TMF013,11,VES,2024-02-01,0.0,468.0,480.0,0.975
727,TMF013,11,NOT,2024-02-02,0.0,0.0,480.0,
728,TMF013,11,MAT,2024-02-02,0.0,0.0,480.0,
729,TMF013,11,VES,2024-02-02,0.0,0.0,480.0,
730,TMF013,11,NOT,2024-02-03,0.0,0.0,480.0,
731,TMF013,11,MAT,2024-02-03,0.0,0.0,480.0,
732,TMF013,11,VES,2024-02-03,0.0,0.0,480.0,
733,TMF013,11,NOT,2024-02-04,0.0,0.0,480.0,
734,TMF013,11,MAT,2024-02-04,0.0,0.0,480.0,
735,TMF013,11,VES,2024-02-04,0.0,0.0,480.0,
736,TMF013,11,NOT,2024-02-05,0.0,392.0,480.0,0.8166666666666667
737,TMF013,11,MAT,2024-02-05,0.0,0.0,480.0,
738,TMF013,11,VES,2024-02-05,0.0,216.0,480.0,0.45
739,TMF013,11,NOT,2024-02-06,0.0,90.0,480.0,0.1875
740,TMF013,11,MAT,2024-02-06,0.0,80.0,480.0,0.16666666666666666
741,TMF013,11,VES,2024-02-06,60.0,20.0,420.0,0.047619047619047616
742,TMF013,11,NOT,2024-02-07,0.0,84.0,480.0,0.175
743,TMF013,11,MAT,2024-02-07,0.0,128.0,480.0,0.26666666666666666
744,TMF013,11,VES,2024-02-07,0.0,158.0,480.0,0.32916666666666666
745,TMF013,11,NOT,2024-02-08,0.0,72.0,480.0,0.15
746,TMF013,11,MAT,2024-02-08,0.0,82.0,480.0,0.17083333333333334
747,TMF013,11,VES,2024-02-08,0.0,150.0,480.0,0.3125
748,TMF013,11,NOT,2024-02-09,0.0,276.0,480.0,0.575
749,TMF013,11,MAT,2024-02-09,0.0,0.0,480.0,
750,TMF013,11,VES,2024-02-09,0.0,0.0,480.0,
751,TMF013,11,NOT,2024-02-10,0.0,0.0,480.0,
752,TMF013,11,MAT,2024-02-10,0.0,0.0,480.0,
753,TMF013,11,VES,2024-02-10,0.0,0.0,480.0,
754,TMF013,11,NOT,2024-02-11,0.0,0.0,480.0,
755,TMF013,11,MAT,2024-02-11,0.0,0.0,480.0,
756,TMF013,11,VES,2024-02-11,0.0,0.0,480.0,
757,TMF013,11,NOT,2024-02-12,0.0,0.0,480.0,
758,TMF013,11,MAT,2024-02-12,0.0,0.0,480.0,
759,TMF013,11,VES,2024-02-12,0.0,0.0,480.0,
760,TMF013,11,NOT,2024-02-13,0.0,0.0,480.0,
761,TMF013,11,MAT,2024-02-13,0.0,0.0,480.0,
762,TMF013,11,VES,2024-02-13,0.0,0.0,480.0,
763,TMF013,11,NOT,2024-02-14,0.0,304.0,480.0,0.6333333333333333
764,TMF013,11,MAT,2024-02-14,0.0,386.0,480.0,0.8041666666666667
765,TMF013,11,VES,2024-02-14,0.0,100.0,480.0,0.20833333333333334
766,TMF013,11,NOT,2024-02-15,60.0,10.0,420.0,0.023809523809523808
767,TMF013,11,MAT,2024-02-15,60.0,10.0,420.0,0.023809523809523808
768,TMF013,11,VES,2024-02-15,0.0,92.0,480.0,0.19166666666666668
769,TMF013,11,NOT,2024-02-16,0.0,68.0,480.0,0.14166666666666666
770,TMF013,11,MAT,2024-02-16,0.0,90.0,480.0,0.1875
771,TMF013,11,VES,2024-02-16,0.0,100.0,480.0,0.20833333333333334
772,TMF013,11,NOT,2024-02-17,0.0,68.0,480.0,0.14166666666666666
773,TMF013,11,MAT,2024-02-17,0.0,118.0,480.0,0.24583333333333332
774,TMF013,11,VES,2024-02-17,0.0,0.0,480.0,
775,TMF013,11,NOT,2024-02-18,0.0,0.0,480.0,
776,TMF013,11,MAT,2024-02-18,0.0,0.0,480.0,
777,TMF013,11,VES,2024-02-18,0.0,0.0,480.0,
778,TMF013,11,NOT,2024-02-19,0.0,10.0,480.0,0.020833333333333332
779,TMF013,11,MAT,2024-02-19,0.0,0.0,480.0,
780,TMF013,11,VES,2024-02-19,0.0,16.0,480.0,0.03333333333333333
781,TMF013,11,NOT,2024-02-20,0.0,76.0,480.0,0.15833333333333333
782,TMF013,11,MAT,2024-02-20,60.0,18.0,420.0,0.04285714285714286
783,TMF013,11,VES,2024-02-20,0.0,20.0,480.0,0.041666666666666664
784,TMF013,11,NOT,2024-02-21,0.0,0.0,480.0,0.0
785,TMF013,11,MAT,2024-02-21,0.0,12.0,480.0,0.025
786,TMF013,11,VES,2024-02-21,0.0,380.0,480.0,0.7916666666666666
787,TMF013,11,NOT,2024-02-22,0.0,412.0,480.0,0.8583333333333333
788,TMF013,11,MAT,2024-02-22,0.0,108.0,480.0,0.225
789,TMF013,11,VES,2024-02-22,0.0,44.0,480.0,0.09166666666666666
790,TMF013,11,NOT,2024-02-23,0.0,0.0,480.0,
791,TMF013,11,MAT,2024-02-23,15.0,135.0,465.0,0.2903225806451613
792,TMF013,11,VES,2024-02-23,0.0,0.0,480.0,
793,TMF013,11,NOT,2024-02-24,0.0,0.0,480.0,
794,TMF013,11,MAT,2024-02-24,0.0,0.0,480.0,
795,TMF013,11,VES,2024-02-24,0.0,0.0,480.0,
796,TMF010,11,MAT,2024-02-27,0.0,480.0,480.0,1.0
797,TMF010,11,VES,2024-02-27,0.0,480.0,480.0,1.0
798,TMF010,11,NOT,2024-02-28,0.0,0.0,480.0,
799,TMF010,11,MAT,2024-02-28,0.0,0.0,480.0,
800,TMF010,11,VES,2024-02-28,0.0,0.0,480.0,0.0
801,TMF010,11,NOT,2024-02-29,0.0,0.0,480.0,
802,TMF010,11,MAT,2024-02-29,60.0,112.0,420.0,0.26666666666666666
803,TMF010,11,VES,2024-02-29,0.0,2.0,480.0,0.004166666666666667
804,TMF012,12,NOT,2024-02-01,0.0,200.0,480.0,0.4166666666666667
805,TMF012,12,MAT,2024-02-01,60.0,86.0,420.0,0.20476190476190476
806,TMF012,12,VES,2024-02-01,0.0,456.0,480.0,0.95
807,TMF012,12,NOT,2024-02-02,0.0,0.0,480.0,
808,TMF012,12,MAT,2024-02-02,0.0,0.0,480.0,
809,TMF012,12,VES,2024-02-02,0.0,0.0,480.0,
810,TMF012,12,NOT,2024-02-03,0.0,0.0,480.0,
811,TMF012,12,MAT,2024-02-03,0.0,0.0,480.0,
812,TMF012,12,VES,2024-02-03,0.0,0.0,480.0,
813,TMF012,12,NOT,2024-02-04,0.0,0.0,480.0,
814,TMF012,12,MAT,2024-02-04,0.0,0.0,480.0,
815,TMF012,12,VES,2024-02-04,0.0,0.0,480.0,
816,TMF012,12,NOT,2024-02-05,0.0,0.0,480.0,
817,TMF012,12,MAT,2024-02-05,0.0,0.0,480.0,
818,TMF012,12,VES,2024-02-05,0.0,0.0,480.0,
819,TMF012,12,NOT,2024-02-06,0.0,0.0,480.0,
820,TMF012,12,MAT,2024-02-06,0.0,0.0,480.0,
821,TMF012,12,VES,2024-02-06,0.0,0.0,480.0,
822,TMF012,12,NOT,2024-02-07,0.0,0.0,480.0,
823,TMF012,12,MAT,2024-02-07,0.0,0.0,480.0,
824,TMF012,12,VES,2024-02-07,0.0,0.0,480.0,
825,TMF012,12,NOT,2024-02-08,0.0,0.0,480.0,
826,TMF012,12,MAT,2024-02-08,0.0,0.0,480.0,
827,TMF012,12,VES,2024-02-08,0.0,0.0,480.0,
828,TMF012,12,NOT,2024-02-09,60.0,12.0,420.0,0.02857142857142857
829,TMF012,12,MAT,2024-02-09,0.0,198.0,480.0,0.4125
830,TMF012,12,VES,2024-02-09,60.0,100.0,420.0,0.23809523809523808
831,TMF012,12,NOT,2024-02-10,0.0,66.0,480.0,0.1375
832,TMF012,12,MAT,2024-02-10,0.0,102.0,480.0,0.2125
833,TMF012,12,VES,2024-02-10,0.0,0.0,480.0,
834,TMF012,12,NOT,2024-02-11,0.0,0.0,480.0,
835,TMF012,12,MAT,2024-02-11,0.0,0.0,480.0,
836,TMF012,12,VES,2024-02-11,0.0,0.0,480.0,
837,TMF012,12,NOT,2024-02-12,0.0,0.0,480.0,
838,TMF012,12,MAT,2024-02-12,0.0,0.0,480.0,
839,TMF012,12,VES,2024-02-12,0.0,0.0,480.0,
840,TMF012,12,NOT,2024-02-13,0.0,0.0,480.0,
841,TMF012,12,MAT,2024-02-13,0.0,0.0,480.0,
842,TMF012,12,VES,2024-02-13,0.0,0.0,480.0,
843,TMF012,12,NOT,2024-02-14,0.0,26.0,480.0,0.05416666666666667
844,TMF012,12,MAT,2024-02-14,0.0,278.0,480.0,0.5791666666666667
845,TMF012,12,VES,2024-02-14,0.0,114.0,480.0,0.2375
846,TMF012,12,NOT,2024-02-15,0.0,18.0,480.0,0.0375
847,TMF012,12,MAT,2024-02-15,60.0,154.0,420.0,0.36666666666666664
848,TMF012,12,VES,2024-02-15,0.0,0.0,480.0,
849,TMF012,12,NOT,2024-02-16,0.0,0.0,480.0,0.0
850,TMF012,12,MAT,2024-02-16,0.0,218.0,480.0,0.45416666666666666
851,TMF012,12,VES,2024-02-16,0.0,374.0,480.0,0.7791666666666667
852,TMF012,12,NOT,2024-02-17,0.0,416.0,480.0,0.8666666666666667
853,TMF012,12,MAT,2024-02-17,0.0,188.0,480.0,0.39166666666666666
854,TMF012,12,VES,2024-02-17,0.0,0.0,480.0,
855,TMF012,12,NOT,2024-02-18,0.0,0.0,480.0,
856,TMF012,12,MAT,2024-02-18,0.0,0.0,480.0,
857,TMF012,12,VES,2024-02-18,0.0,0.0,480.0,
858,TMF012,12,NOT,2024-02-19,0.0,38.0,480.0,0.07916666666666666
859,TMF012,12,MAT,2024-02-19,60.0,378.0,420.0,0.9
860,TMF012,12,VES,2024-02-19,15.0,465.0,465.0,1.0
861,TMF012,12,NOT,2024-02-20,15.0,347.0,465.0,0.7462365591397849
862,TMF012,12,MAT,2024-02-20,0.0,34.0,480.0,0.07083333333333333
863,TMF012,12,VES,2024-02-20,60.0,108.0,420.0,0.2571428571428571
864,TMF012,12,NOT,2024-02-21,0.0,132.0,480.0,0.275
865,TMF012,12,MAT,2024-02-21,0.0,56.0,480.0,0.11666666666666667
866,TMF012,12,VES,2024-02-21,0.0,114.0,480.0,0.2375
867,TMF012,12,NOT,2024-02-22,0.0,208.0,480.0,0.43333333333333335
868,TMF012,12,MAT,2024-02-22,0.0,60.0,480.0,0.125
869,TMF012,12,VES,2024-02-22,60.0,76.0,420.0,0.18095238095238095
870,TMF012,12,NOT,2024-02-23,0.0,8.0,480.0,0.016666666666666666
871,TMF012,12,MAT,2024-02-23,15.0,81.0,465.0,0.17419354838709677
872,TMF012,12,VES,2024-02-23,0.0,466.0,480.0,0.9708333333333333
873,TMF012,12,NOT,2024-02-24,0.0,0.0,480.0,
874,TMF012,12,MAT,2024-02-24,0.0,0.0,480.0,
875,TMF012,12,VES,2024-02-24,0.0,0.0,480.0,
876,TMF012,12,NOT,2024-02-25,0.0,0.0,480.0,
877,TMF012,12,MAT,2024-02-25,0.0,0.0,480.0,
878,TMF012,12,VES,2024-02-25,0.0,0.0,480.0,
879,TMF012,12,NOT,2024-02-26,0.0,0.0,480.0,
880,TMF012,12,MAT,2024-02-26,0.0,0.0,480.0,
881,TMF012,12,VES,2024-02-26,0.0,0.0,480.0,0.0
882,TMF012,12,NOT,2024-02-27,58.0,20.0,422.0,0.04739336492890995
883,TMF012,12,MAT,2024-02-27,0.0,96.0,480.0,0.2
884,TMF012,12,VES,2024-02-27,0.0,36.0,480.0,0.075
885,TMF012,12,NOT,2024-02-28,60.0,18.0,420.0,0.04285714285714286
886,TMF012,12,MAT,2024-02-28,0.0,36.0,480.0,0.075
887,TMF012,12,VES,2024-02-28,0.0,62.0,480.0,0.12916666666666668
888,TMF012,12,NOT,2024-02-29,0.0,12.0,480.0,0.025
889,TMF012,12,MAT,2024-02-29,0.0,54.0,480.0,0.1125
890,TMF012,12,VES,2024-02-29,15.0,41.0,465.0,0.08817204301075268
891,TMF007,13,NOT,2024-02-01,60.0,36.0,420.0,0.08571428571428572
892,TMF007,13,MAT,2024-02-01,0.0,32.0,480.0,0.06666666666666667
893,TMF007,13,VES,2024-02-01,0.0,456.0,480.0,0.95
894,TMF007,13,NOT,2024-02-02,0.0,0.0,480.0,
895,TMF007,13,MAT,2024-02-02,0.0,0.0,480.0,
896,TMF007,13,VES,2024-02-02,0.0,0.0,480.0,
897,TMF007,13,NOT,2024-02-03,0.0,0.0,480.0,
898,TMF007,13,MAT,2024-02-03,0.0,0.0,480.0,
899,TMF007,13,VES,2024-02-03,0.0,0.0,480.0,
900,TMF007,13,NOT,2024-02-04,0.0,0.0,480.0,
901,TMF007,13,MAT,2024-02-04,0.0,0.0,480.0,
902,TMF007,13,VES,2024-02-04,0.0,0.0,480.0,
903,TMF007,13,NOT,2024-02-05,0.0,0.0,480.0,
904,TMF007,13,MAT,2024-02-05,0.0,458.0,480.0,0.9541666666666667
905,TMF007,13,VES,2024-02-05,60.0,82.0,420.0,0.19523809523809524
906,TMF007,13,NOT,2024-02-06,0.0,76.0,480.0,0.15833333333333333
907,TMF007,13,MAT,2024-02-06,0.0,168.0,480.0,0.35
908,TMF007,13,VES,2024-02-06,0.0,46.0,480.0,0.09583333333333334
909,TMF007,13,NOT,2024-02-07,0.0,348.0,480.0,0.725
910,TMF007,13,MAT,2024-02-07,0.0,58.0,480.0,0.12083333333333333
911,TMF007,13,VES,2024-02-07,0.0,50.0,480.0,0.10416666666666667
912,TMF007,13,NOT,2024-02-08,0.0,356.0,480.0,0.7416666666666667
913,TMF007,13,MAT,2024-02-08,0.0,114.0,480.0,0.2375
914,TMF007,13,VES,2024-02-08,0.0,18.0,480.0,0.0375
915,TMF007,13,NOT,2024-02-09,60.0,100.0,420.0,0.23809523809523808
916,TMF007,13,MAT,2024-02-09,0.0,166.0,480.0,0.3458333333333333
917,TMF007,13,VES,2024-02-09,0.0,26.0,480.0,0.05416666666666667
918,TMF007,13,NOT,2024-02-10,0.0,64.0,480.0,0.13333333333333333
919,TMF007,13,MAT,2024-02-10,0.0,38.0,480.0,0.07916666666666666
920,TMF007,13,VES,2024-02-10,0.0,0.0,480.0,
921,TMF007,13,NOT,2024-02-11,0.0,0.0,480.0,
922,TMF007,13,MAT,2024-02-11,0.0,0.0,480.0,
923,TMF007,13,VES,2024-02-11,0.0,0.0,480.0,
924,TMF007,13,NOT,2024-02-12,0.0,0.0,480.0,
925,TMF007,13,MAT,2024-02-12,0.0,0.0,480.0,
926,TMF007,13,VES,2024-02-12,0.0,0.0,480.0,
927,TMF007,13,NOT,2024-02-13,0.0,0.0,480.0,
928,TMF007,13,MAT,2024-02-13,0.0,0.0,480.0,
929,TMF007,13,VES,2024-02-13,0.0,0.0,480.0,
930,TMF007,13,NOT,2024-02-14,0.0,32.0,480.0,0.06666666666666667
931,TMF007,13,MAT,2024-02-14,0.0,114.0,480.0,0.2375
932,TMF007,13,VES,2024-02-14,0.0,138.0,480.0,0.2875
933,TMF007,13,NOT,2024-02-15,0.0,0.0,480.0,
934,TMF007,13,MAT,2024-02-15,0.0,122.0,480.0,0.25416666666666665
935,TMF007,13,VES,2024-02-15,2.0,8.0,478.0,0.016736401673640166
936,TMF007,13,NOT,2024-02-16,0.0,24.0,480.0,0.05
937,TMF007,13,MAT,2024-02-16,10.0,80.0,470.0,0.1702127659574468
938,TMF007,13,VES,2024-02-16,0.0,84.0,480.0,0.175
939,TMF007,13,NOT,2024-02-17,0.0,98.0,480.0,0.20416666666666666
940,TMF007,13,MAT,2024-02-17,0.0,94.0,480.0,0.19583333333333333
941,TMF007,13,VES,2024-02-17,0.0,0.0,480.0,0.0
942,TMF007,13,NOT,2024-02-18,0.0,0.0,480.0,
943,TMF007,13,MAT,2024-02-18,0.0,0.0,480.0,
944,TMF007,13,VES,2024-02-18,0.0,0.0,480.0,
945,TMF007,13,NOT,2024-02-19,0.0,222.0,480.0,0.4625
946,TMF007,13,MAT,2024-02-19,0.0,116.0,480.0,0.24166666666666667
947,TMF007,13,VES,2024-02-19,75.0,137.0,405.0,0.33827160493827163
948,TMF007,13,NOT,2024-02-20,0.0,8.0,480.0,0.016666666666666666
949,TMF007,13,MAT,2024-02-20,0.0,0.0,480.0,
950,TMF007,13,VES,2024-02-20,0.0,14.0,480.0,0.029166666666666667
951,TMF007,13,NOT,2024-02-21,0.0,62.0,480.0,0.12916666666666668
952,TMF007,13,MAT,2024-02-21,0.0,10.0,480.0,0.020833333333333332
953,TMF007,13,VES,2024-02-21,0.0,78.0,480.0,0.1625
954,TMF007,13,NOT,2024-02-22,0.0,8.0,480.0,0.016666666666666666
955,TMF007,13,MAT,2024-02-22,0.0,38.0,480.0,0.07916666666666666
956,TMF007,13,VES,2024-02-22,0.0,30.0,480.0,0.0625
957,TMF007,13,NOT,2024-02-23,0.0,122.0,480.0,0.25416666666666665
958,TMF007,13,MAT,2024-02-23,15.0,131.0,465.0,0.2817204301075269
959,TMF007,13,VES,2024-02-23,0.0,480.0,480.0,1.0
960,TMF007,13,NOT,2024-02-24,0.0,0.0,480.0,
961,TMF007,13,MAT,2024-02-24,0.0,0.0,480.0,
962,TMF007,13,VES,2024-02-24,0.0,0.0,480.0,
963,TMF007,13,NOT,2024-02-25,0.0,0.0,480.0,
964,TMF007,13,MAT,2024-02-25,0.0,0.0,480.0,
965,TMF007,13,VES,2024-02-25,0.0,0.0,480.0,
966,TMF007,13,NOT,2024-02-26,0.0,0.0,480.0,
967,TMF007,13,MAT,2024-02-26,0.0,0.0,480.0,
968,TMF007,13,VES,2024-02-26,0.0,0.0,480.0,0.0
969,TMF007,13,NOT,2024-02-27,60.0,46.0,420.0,0.10952380952380952
970,TMF007,13,MAT,2024-02-27,60.0,164.0,420.0,0.3904761904761905
971,TMF007,13,VES,2024-02-27,0.0,64.0,480.0,0.13333333333333333
972,TMF007,13,NOT,2024-02-28,0.0,80.0,480.0,0.16666666666666666
973,TMF007,13,MAT,2024-02-28,60.0,112.0,420.0,0.26666666666666666
974,TMF007,13,VES,2024-02-28,60.0,102.0,420.0,0.24285714285714285
975,TMF007,13,NOT,2024-02-29,0.0,124.0,480.0,0.25833333333333336
976,TMF007,13,MAT,2024-02-29,0.0,50.0,480.0,0.10416666666666667
977,TMF007,13,VES,2024-02-29,15.0,53.0,465.0,0.11397849462365592
978,TMF010,14,NOT,2024-02-01,60.0,38.0,420.0,0.09047619047619047
979,TMF010,14,MAT,2024-02-01,0.0,92.0,480.0,0.19166666666666668
980,TMF010,14,VES,2024-02-01,0.0,0.0,480.0,
981,TMF010,14,NOT,2024-02-02,0.0,0.0,480.0,
982,TMF010,14,MAT,2024-02-02,0.0,0.0,480.0,
983,TMF010,14,VES,2024-02-02,0.0,0.0,480.0,
984,TMF010,14,NOT,2024-02-03,0.0,0.0,480.0,
985,TMF010,14,MAT,2024-02-03,0.0,0.0,480.0,
986,TMF010,14,VES,2024-02-03,0.0,0.0,480.0,
987,TMF010,14,NOT,2024-02-04,0.0,0.0,480.0,
988,TMF010,14,MAT,2024-02-04,0.0,0.0,480.0,
989,TMF010,14,VES,2024-02-04,0.0,0.0,480.0,
990,TMF010,14,NOT,2024-02-05,60.0,20.0,420.0,0.047619047619047616
991,TMF010,14,MAT,2024-02-05,0.0,14.0,480.0,0.029166666666666667
992,TMF010,14,VES,2024-02-05,0.0,162.0,480.0,0.3375
993,TMF010,14,NOT,2024-02-06,0.0,106.0,480.0,0.22083333333333333
994,TMF010,14,MAT,2024-02-06,0.0,134.0,480.0,0.2791666666666667
995,TMF010,14,VES,2024-02-06,60.0,142.0,420.0,0.3380952380952381
996,TMF010,14,NOT,2024-02-07,0.0,68.0,480.0,0.14166666666666666
997,TMF010,14,MAT,2024-02-07,60.0,98.0,420.0,0.23333333333333334
998,TMF010,14,VES,2024-02-07,0.0,52.0,480.0,0.10833333333333334
999,TMF010,14,NOT,2024-02-08,0.0,68.0,480.0,0.14166666666666666
1000,TMF010,14,MAT,2024-02-08,0.0,200.0,480.0,0.4166666666666667
1001,TMF010,14,VES,2024-02-08,0.0,56.0,480.0,0.11666666666666667
1002,TMF010,14,NOT,2024-02-09,0.0,72.0,480.0,0.15
1003,TMF010,14,MAT,2024-02-09,0.0,12.0,480.0,0.025
1004,TMF010,14,VES,2024-02-09,0.0,18.0,480.0,0.0375
1005,TMF010,14,NOT,2024-02-10,0.0,66.0,480.0,0.1375
1006,TMF010,14,MAT,2024-02-10,0.0,238.0,480.0,0.49583333333333335
1007,TMF010,14,VES,2024-02-10,0.0,0.0,480.0,
1008,TMF010,14,NOT,2024-02-11,0.0,0.0,480.0,
1009,TMF010,14,MAT,2024-02-11,0.0,0.0,480.0,
1010,TMF010,14,VES,2024-02-11,0.0,0.0,480.0,
1011,TMF010,14,NOT,2024-02-12,0.0,0.0,480.0,
1012,TMF010,14,MAT,2024-02-12,0.0,0.0,480.0,
1013,TMF010,14,VES,2024-02-12,0.0,0.0,480.0,
1014,TMF009,14,VES,2024-02-16,0.0,186.0,480.0,0.3875
1015,TMF009,14,NOT,2024-02-17,0.0,176.0,480.0,0.36666666666666664
1016,TMF009,14,MAT,2024-02-17,0.0,174.0,480.0,0.3625
1017,TMF009,14,VES,2024-02-17,0.0,0.0,480.0,0.0
1018,TMF009,14,NOT,2024-02-18,0.0,0.0,480.0,
1019,TMF009,14,MAT,2024-02-18,0.0,0.0,480.0,
1020,TMF009,14,VES,2024-02-18,0.0,0.0,480.0,
1021,TMF009,14,NOT,2024-02-19,0.0,94.0,480.0,0.19583333333333333
1022,TMF009,14,MAT,2024-02-19,0.0,122.0,480.0,0.25416666666666665
1023,TMF009,14,VES,2024-02-19,75.0,71.0,405.0,0.17530864197530865
1024,TMF009,14,NOT,2024-02-20,60.0,82.0,420.0,0.19523809523809524
1025,TMF009,14,MAT,2024-02-20,60.0,40.0,420.0,0.09523809523809523
1026,TMF009,14,VES,2024-02-20,0.0,16.0,480.0,0.03333333333333333
1027,TMF009,14,NOT,2024-02-21,0.0,0.0,480.0,
1028,TMF009,14,MAT,2024-02-21,0.0,0.0,480.0,
1029,TMF009,14,VES,2024-02-21,0.0,0.0,480.0,
1030,TMF009,14,NOT,2024-02-22,0.0,0.0,480.0,
1031,TMF009,14,MAT,2024-02-22,0.0,0.0,480.0,
1032,TMF009,14,VES,2024-02-22,0.0,0.0,480.0,
1033,TMF009,14,NOT,2024-02-23,0.0,0.0,480.0,
1034,TMF009,14,MAT,2024-02-23,0.0,0.0,480.0,
1035,TMF009,14,VES,2024-02-23,0.0,480.0,480.0,1.0
1036,TMF009,14,NOT,2024-02-24,0.0,0.0,480.0,
1037,TMF009,14,MAT,2024-02-24,0.0,0.0,480.0,
1038,TMF009,14,VES,2024-02-24,0.0,0.0,480.0,
1039,TMF009,14,NOT,2024-02-25,0.0,0.0,480.0,
1040,TMF009,14,MAT,2024-02-25,0.0,0.0,480.0,
1041,TMF009,14,VES,2024-02-25,0.0,0.0,480.0,
1042,TMF009,14,NOT,2024-02-26,0.0,0.0,480.0,
1043,TMF009,14,MAT,2024-02-26,0.0,0.0,480.0,
1044,TMF009,14,VES,2024-02-26,0.0,0.0,480.0,
1045,TMF009,14,NOT,2024-02-27,0.0,0.0,480.0,
1046,TMF009,14,MAT,2024-02-27,0.0,0.0,480.0,
1047,TMF009,14,VES,2024-02-27,0.0,0.0,480.0,0.0
1048,TMF009,14,NOT,2024-02-28,0.0,0.0,480.0,
1049,TMF009,14,MAT,2024-02-28,0.0,0.0,480.0,
1050,TMF009,14,VES,2024-02-28,0.0,0.0,480.0,
1051,TMF009,14,NOT,2024-02-29,0.0,0.0,480.0,
1052,TMF009,14,MAT,2024-02-29,0.0,0.0,480.0,
1053,TMF009,14,VES,2024-02-29,0.0,0.0,480.0,0.0
