,maquina_id,linha,turno,data_registro,desconto_min,afeta,tempo_esperado_min,reparo
0,TMF005,1,NOT,2024-02-01,0.0,0.0,480.0,0.0
1,TMF005,1,MAT,2024-02-01,0.0,0.0,480.0,0.0
2,TMF005,1,VES,2024-02-01,0.0,0.0,480.0,0.0
3,TMF005,1,NOT,2024-02-02,0.0,0.0,480.0,
4,TMF005,1,VES,2024-02-02,0.0,0.0,480.0,
5,TMF005,1,NOT,2024-02-03,0.0,0.0,480.0,
6,TMF005,1,MAT,2024-02-03,0.0,0.0,480.0,
7,TMF005,1,VES,2024-02-03,0.0,0.0,480.0,
8,TMF005,1,NOT,2024-02-04,0.0,0.0,480.0,
9,TMF005,1,MAT,2024-02-04,0.0,0.0,480.0,
10,TMF005,1,VES,2024-02-04,0.0,0.0,480.0,
11,TMF005,1,NOT,2024-02-05,0.0,0.0,480.0,0.0
12,TMF005,1,MAT,2024-02-05,0.0,24.0,480.0,0.05
13,TMF005,1,VES,2024-02-05,0.0,0.0,480.0,0.0
14,TMF005,1,NOT,2024-02-06,0.0,0.0,480.0,0.0
15,TMF005,1,MAT,2024-02-06,0.0,2.0,480.0,0.004166666666666667
16,TMF005,1,VES,2024-02-06,0.0,0.0,480.0,0.0
17,TMF005,1,NOT,2024-02-07,0.0,0.0,480.0,0.0
18,TMF005,1,MAT,2024-02-07,0.0,0.0,480.0,0.0
19,TMF005,1,VES,2024-02-07,0.0,0.0,480.0,0.0
20,TMF005,1,NOT,2024-02-08,0.0,0.0,480.0,0.0
21,TMF005,1,MAT,2024-02-08,0.0,0.0,480.0,0.0
22,TMF005,1,VES,2024-02-08,0.0,0.0,480.0,0.0
23,TMF005,1,NOT,2024-02-09,0.0,0.0,480.0,0.0
24,TMF005,1,MAT,2024-02-09,0.0,0.0,480.0,0.0
25,TMF005,1,VES,2024-02-09,0.0,0.0,480.0,0.0
26,TMF005,1,NOT,2024-02-10,0.0,0.0,480.0,0.0
27,TMF005,1,MAT,2024-02-10,0.0,0.0,480.0,0.0
28,TMF005,1,VES,2024-02-10,0.0,0.0,480.0,0.0
29,TMF005,1,NOT,2024-02-11,0.0,0.0,480.0,
30,TMF005,1,VES,2024-02-13,0.0,0.0,480.0,0.0
31,TMF005,1,NOT,2024-02-14,0.0,0.0,480.0,0.0
32,TMF005,1,MAT,2024-02-14,0.0,0.0,480.0,0.0
33,TMF005,1,VES,2024-02-14,0.0,0.0,480.0,0.0
34,TMF005,1,NOT,2024-02-15,0.0,0.0,480.0,0.0
35,TMF005,1,MAT,2024-02-15,0.0,0.0,480.0,0.0
36,TMF005,1,VES,2024-02-15,0.0,0.0,480.0,0.0
37,TMF005,1,NOT,2024-02-16,0.0,0.0,480.0,0.0
38,TMF005,1,MAT,2024-02-16,0.0,0.0,480.0,0.0
39,TMF005,1,VES,2024-02-16,0.0,0.0,480.0,0.0
40,TMF005,1,NOT,2024-02-17,0.0,0.0,480.0,0.0
41,TMF005,1,MAT,2024-02-17,0.0,16.0,480.0,0.03333333333333333
42,TMF005,1,VES,2024-02-17,0.0,0.0,480.0,0.0
43,TMF005,1,NOT,2024-02-18,0.0,0.0,480.0,
44,TMF005,1,MAT,2024-02-18,0.0,0.0,480.0,
45,TMF005,1,VES,2024-02-18,0.0,0.0,480.0,
46,TMF005,1,NOT,2024-02-19,0.0,0.0,480.0,0.0
47,TMF005,1,MAT,2024-02-19,0.0,4.0,480.0,0.008333333333333333
48,TMF005,1,VES,2024-02-19,0.0,0.0,480.0,0.0
49,TMF005,1,NOT,2024-02-20,0.0,0.0,480.0,0.0
50,TMF005,1,MAT,2024-02-20,0.0,0.0,480.0,0.0
51,TMF005,1,VES,2024-02-20,0.0,0.0,480.0,0.0
52,TMF005,1,NOT,2024-02-21,0.0,0.0,480.0,0.0
53,TMF005,1,MAT,2024-02-21,0.0,0.0,480.0,0.0
54,TMF005,1,VES,2024-02-21,0.0,0.0,480.0,0.0
55,TMF005,1,NOT,2024-02-22,0.0,16.0,480.0,0.03333333333333333
56,TMF005,1,MAT,2024-02-22,0.0,30.0,480.0,0.0625
57,TMF005,1,VES,2024-02-22,0.0,0.0,480.0,0.0
58,TMF005,1,NOT,2024-02-23,0.0,0.0,480.0,0.0
59,TMF005,1,MAT,2024-02-23,0.0,0.0,480.0,0.0
60,TMF005,1,VES,2024-02-23,0.0,0.0,480.0,
61,TMF005,1,NOT,2024-02-24,0.0,480.0,480.0,1.0
62,TMF005,1,VES,2024-02-24,0.0,0.0,480.0,0.0
63,TMF005,1,VES,2024-02-26,0.0,272.0,480.0,0.5666666666666667
64,TMF005,1,NOT,2024-02-27,0.0,0.0,480.0,0.0
65,TMF005,1,MAT,2024-02-27,0.0,0.0,480.0,0.0
66,TMF005,1,VES,2024-02-27,0.0,0.0,480.0,0.0
67,TMF005,1,NOT,2024-02-28,0.0,0.0,480.0,0.0
68,TMF005,1,MAT,2024-02-28,0.0,0.0,480.0,0.0
69,TMF005,1,VES,2024-02-28,0.0,0.0,480.0,0.0
70,TMF005,1,NOT,2024-02-29,0.0,0.0,480.0,0.0
71,TMF005,1,MAT,2024-02-29,0.0,0.0,480.0,0.0
72,TMF005,1,VES,2024-02-29,0.0,0.0,480.0,0.0
73,TMF002,2,NOT,2024-02-01,0.0,4.0,480.0,0.008333333333333333
74,TMF002,2,MAT,2024-02-01,0.0,0.0,480.0,0.0
75,TMF002,2,VES,2024-02-01,0.0,0.0,480.0,0.0
76,TMF002,2,NOT,2024-02-02,0.0,0.0,480.0,
77,TMF002,2,VES,2024-02-02,0.0,0.0,480.0,
78,TMF002,2,NOT,2024-02-03,0.0,0.0,480.0,
79,TMF002,2,MAT,2024-02-03,0.0,0.0,480.0,
80,TMF002,2,VES,2024-02-03,0.0,0.0,480.0,
81,TMF002,2,NOT,2024-02-04,0.0,0.0,480.0,
82,TMF002,2,MAT,2024-02-04,0.0,0.0,480.0,
83,TMF002,2,VES,2024-02-04,0.0,0.0,480.0,
84,TMF002,2,NOT,2024-02-05,0.0,0.0,480.0,0.0
85,TMF002,2,MAT,2024-02-05,0.0,14.0,480.0,0.029166666666666667
86,TMF002,2,VES,2024-02-05,0.0,16.0,480.0,0.03333333333333333
87,TMF002,2,NOT,2024-02-06,0.0,0.0,480.0,0.0
88,TMF002,2,MAT,2024-02-06,0.0,0.0,480.0,0.0
89,TMF002,2,VES,2024-02-06,0.0,0.0,480.0,0.0
90,TMF002,2,NOT,2024-02-07,0.0,0.0,480.0,0.0
91,TMF002,2,MAT,2024-02-07,0.0,0.0,480.0,0.0
92,TMF002,2,VES,2024-02-07,0.0,0.0,480.0,0.0
93,TMF002,2,NOT,2024-02-08,0.0,0.0,480.0,0.0
94,TMF002,2,MAT,2024-02-08,0.0,0.0,480.0,0.0
95,TMF002,2,VES,2024-02-08,0.0,0.0,480.0,0.0
96,TMF002,2,NOT,2024-02-09,0.0,0.0,480.0,0.0
97,TMF002,2,MAT,2024-02-09,0.0,0.0,480.0,0.0
98,TMF002,2,VES,2024-02-09,0.0,0.0,480.0,0.0
99,TMF002,2,NOT,2024-02-10,0.0,0.0,480.0,0.0
100,TMF002,2,MAT,2024-02-10,0.0,0.0,480.0,0.0
101,TMF002,2,VES,2024-02-10,0.0,0.0,480.0,0.0
102,TMF002,2,NOT,2024-02-11,0.0,0.0,480.0,
103,TMF002,2,VES,2024-02-13,0.0,0.0,480.0,0.0
104,TMF002,2,NOT,2024-02-14,0.0,0.0,480.0,
105,TMF002,2,MAT,2024-02-14,0.0,0.0,480.0,
106,TMF002,2,VES,2024-02-14,0.0,0.0,480.0,
107,TMF002,2,NOT,2024-02-15,0.0,0.0,480.0,
108,TMF002,2,MAT,2024-02-15,0.0,0.0,480.0,
109,TMF002,2,VES,2024-02-15,0.0,0.0,480.0,
110,TMF002,2,NOT,2024-02-16,0.0,0.0,480.0,
111,TMF002,2,MAT,2024-02-16,0.0,0.0,480.0,
112,TMF002,2,VES,2024-02-16,0.0,0.0,480.0,
113,TMF002,2,NOT,2024-02-17,0.0,0.0,480.0,
114,TMF002,2,MAT,2024-02-17,0.0,0.0,480.0,
115,TMF002,2,VES,2024-02-17,0.0,0.0,480.0,0.0
116,TMF002,2,NOT,2024-02-18,0.0,0.0,480.0,
117,TMF002,2,MAT,2024-02-18,0.0,0.0,480.0,
118,TMF002,2,VES,2024-02-18,0.0,0.0,480.0,
119,TMF002,2,NOT,2024-02-19,0.0,0.0,480.0,
120,TMF002,2,MAT,2024-02-19,0.0,0.0,480.0,
121,TMF002,2,VES,2024-02-19,0.0,0.0,480.0,
122,TMF002,2,NOT,2024-02-20,0.0,0.0,480.0,0.0
123,TMF002,2,MAT,2024-02-20,0.0,0.0,480.0,
124,TMF002,2,VES,2024-02-20,0.0,0.0,480.0,0.0
125,TMF002,2,NOT,2024-02-21,0.0,0.0,480.0,0.0
126,TMF002,2,MAT,2024-02-21,0.0,0.0,480.0,0.0
127,TMF002,2,VES,2024-02-21,0.0,0.0,480.0,
128,TMF002,2,NOT,2024-02-22,0.0,0.0,480.0,
129,TMF002,2,MAT,2024-02-22,0.0,0.0,480.0,
130,TMF002,2,VES,2024-02-22,0.0,0.0,480.0,
131,TMF002,2,NOT,2024-02-23,0.0,0.0,480.0,
132,TMF002,2,MAT,2024-02-23,0.0,0.0,480.0,0.0
133,TMF002,2,VES,2024-02-23,0.0,0.0,480.0,
134,TMF002,2,NOT,2024-02-24,0.0,480.0,480.0,1.0
135,TMF002,2,VES,2024-02-24,0.0,0.0,480.0,0.0
136,TMF002,2,VES,2024-02-26,0.0,272.0,480.0,0.5666666666666667
137,TMF002,2,NOT,2024-02-27,0.0,0.0,480.0,0.0
138,TMF002,2,MAT,2024-02-27,0.0,0.0,480.0,0.0
139,TMF002,2,VES,2024-02-27,0.0,0.0,480.0,
140,TMF002,2,NOT,2024-02-28,0.0,0.0,480.0,
141,TMF002,2,MAT,2024-02-28,0.0,0.0,480.0,
142,TMF002,2,VES,2024-02-28,0.0,0.0,480.0,
143,TMF002,2,NOT,2024-02-29,0.0,0.0,480.0,
144,TMF002,2,MAT,2024-02-29,0.0,0.0,480.0,
145,TMF002,2,VES,2024-02-29,0.0,0.0,480.0,0.0
146,TMF015,3,NOT,2024-02-01,0.0,0.0,480.0,0.0
147,TMF015,3,MAT,2024-02-01,0.0,0.0,480.0,0.0
148,TMF015,3,VES,2024-02-01,0.0,0.0,480.0,0.0
149,TMF015,3,NOT,2024-02-02,0.0,0.0,480.0,
150,TMF015,3,VES,2024-02-02,0.0,0.0,480.0,
151,TMF015,3,NOT,2024-02-03,0.0,0.0,480.0,
152,TMF015,3,MAT,2024-02-03,0.0,0.0,480.0,
153,TMF015,3,VES,2024-02-03,0.0,0.0,480.0,
154,TMF015,3,NOT,2024-02-04,0.0,0.0,480.0,
155,TMF015,3,MAT,2024-02-04,0.0,0.0,480.0,
156,TMF015,3,VES,2024-02-04,0.0,0.0,480.0,
157,TMF015,3,NOT,2024-02-05,0.0,0.0,480.0,0.0
158,TMF015,3,MAT,2024-02-05,0.0,20.0,480.0,0.041666666666666664
159,TMF015,3,VES,2024-02-05,0.0,0.0,480.0,0.0
160,TMF015,3,NOT,2024-02-06,0.0,44.0,480.0,0.09166666666666666
161,TMF015,3,MAT,2024-02-06,0.0,10.0,480.0,0.020833333333333332
162,TMF015,3,VES,2024-02-06,0.0,0.0,480.0,0.0
163,TMF015,3,NOT,2024-02-07,0.0,0.0,480.0,0.0
164,TMF015,3,MAT,2024-02-07,0.0,0.0,480.0,0.0
165,TMF015,3,VES,2024-02-07,0.0,70.0,480.0,0.14583333333333334
166,TMF015,3,NOT,2024-02-08,0.0,0.0,480.0,0.0
167,TMF015,3,MAT,2024-02-08,0.0,0.0,480.0,0.0
168,TMF015,3,VES,2024-02-08,0.0,12.0,480.0,0.025
169,TMF015,3,NOT,2024-02-09,0.0,0.0,480.0,0.0
170,TMF015,3,MAT,2024-02-09,0.0,0.0,480.0,0.0
171,TMF015,3,VES,2024-02-09,0.0,14.0,480.0,0.029166666666666667
172,TMF015,3,NOT,2024-02-10,0.0,0.0,480.0,0.0
173,TMF015,3,MAT,2024-02-10,0.0,0.0,480.0,0.0
174,TMF015,3,VES,2024-02-10,0.0,0.0,480.0,0.0
175,TMF015,3,NOT,2024-02-11,0.0,0.0,480.0,
176,TMF015,3,VES,2024-02-13,0.0,0.0,480.0,0.0
177,TMF015,3,NOT,2024-02-14,0.0,0.0,480.0,0.0
178,TMF015,3,MAT,2024-02-14,0.0,0.0,480.0,0.0
179,TMF015,3,VES,2024-02-14,0.0,0.0,480.0,0.0
180,TMF015,3,NOT,2024-02-15,0.0,94.0,480.0,0.19583333333333333
181,TMF015,3,MAT,2024-02-15,0.0,0.0,480.0,0.0
182,TMF015,3,VES,2024-02-15,0.0,0.0,480.0,0.0
183,TMF015,3,NOT,2024-02-16,0.0,0.0,480.0,0.0
184,TMF015,3,MAT,2024-02-16,0.0,0.0,480.0,
185,TMF015,3,VES,2024-02-16,0.0,0.0,480.0,0.0
186,TMF015,3,NOT,2024-02-17,0.0,0.0,480.0,0.0
187,TMF015,3,MAT,2024-02-17,0.0,0.0,480.0,
188,TMF015,3,VES,2024-02-17,0.0,0.0,480.0,0.0
189,TMF015,3,NOT,2024-02-18,0.0,0.0,480.0,
190,TMF015,3,MAT,2024-02-18,0.0,0.0,480.0,
191,TMF015,3,VES,2024-02-18,0.0,0.0,480.0,
192,TMF015,3,NOT,2024-02-19,0.0,0.0,480.0,0.0
193,TMF015,3,MAT,2024-02-19,0.0,0.0,480.0,0.0
194,TMF015,3,VES,2024-02-19,0.0,0.0,480.0,0.0
195,TMF015,3,NOT,2024-02-20,0.0,0.0,480.0,0.0
196,TMF015,3,MAT,2024-02-20,0.0,322.0,480.0,0.6708333333333333
197,TMF015,3,VES,2024-02-20,0.0,0.0,480.0,0.0
198,TMF015,3,NOT,2024-02-21,0.0,0.0,480.0,0.0
199,TMF015,3,MAT,2024-02-21,0.0,0.0,480.0,0.0
200,TMF015,3,VES,2024-02-21,0.0,0.0,480.0,0.0
201,TMF015,3,NOT,2024-02-22,0.0,0.0,480.0,0.0
202,TMF015,3,MAT,2024-02-22,0.0,70.0,480.0,0.14583333333333334
203,TMF015,3,VES,2024-02-22,0.0,0.0,480.0,0.0
204,TMF015,3,NOT,2024-02-23,0.0,0.0,480.0,0.0
205,TMF015,3,MAT,2024-02-23,0.0,4.0,480.0,0.008333333333333333
206,TMF015,3,VES,2024-02-23,0.0,0.0,480.0,
207,TMF015,3,NOT,2024-02-24,0.0,0.0,480.0,0.0
208,TMF015,3,VES,2024-02-24,0.0,0.0,480.0,0.0
209,TMF015,3,VES,2024-02-26,0.0,0.0,480.0,0.0
210,TMF015,3,NOT,2024-02-27,0.0,10.0,480.0,0.020833333333333332
211,TMF015,3,MAT,2024-02-27,0.0,22.0,480.0,0.04583333333333333
212,TMF015,3,VES,2024-02-27,0.0,6.0,480.0,0.0125
213,TMF015,3,NOT,2024-02-28,0.0,0.0,480.0,0.0
214,TMF015,3,MAT,2024-02-28,0.0,0.0,480.0,0.0
215,TMF015,3,VES,2024-02-28,0.0,0.0,480.0,
216,TMF015,3,NOT,2024-02-29,0.0,0.0,480.0,0.0
217,TMF015,3,MAT,2024-02-29,0.0,0.0,480.0,
218,TMF015,3,VES,2024-02-29,0.0,0.0,480.0,0.0
219,TMF011,4,NOT,2024-02-01,0.0,0.0,480.0,0.0
220,TMF011,4,MAT,2024-02-01,0.0,0.0,480.0,0.0
221,TMF011,4,VES,2024-02-01,0.0,0.0,480.0,0.0
222,TMF011,4,NOT,2024-02-02,0.0,0.0,480.0,
223,TMF011,4,VES,2024-02-02,0.0,0.0,480.0,
224,TMF011,4,NOT,2024-02-03,0.0,0.0,480.0,
225,TMF011,4,MAT,2024-02-03,0.0,0.0,480.0,
226,TMF011,4,VES,2024-02-03,0.0,0.0,480.0,
227,TMF011,4,NOT,2024-02-04,0.0,0.0,480.0,
228,TMF011,4,MAT,2024-02-04,0.0,0.0,480.0,
229,TMF011,4,VES,2024-02-04,0.0,0.0,480.0,
230,TMF011,4,NOT,2024-02-05,0.0,0.0,480.0,0.0
231,TMF011,4,MAT,2024-02-05,0.0,16.0,480.0,0.03333333333333333
232,TMF011,4,VES,2024-02-05,0.0,0.0,480.0,0.0
233,TMF011,4,NOT,2024-02-06,0.0,44.0,480.0,0.09166666666666666
234,TMF011,4,MAT,2024-02-06,0.0,10.0,480.0,0.020833333333333332
235,TMF011,4,VES,2024-02-06,0.0,0.0,480.0,0.0
236,TMF011,4,NOT,2024-02-07,0.0,0.0,480.0,0.0
237,TMF011,4,MAT,2024-02-07,0.0,0.0,480.0,0.0
238,TMF011,4,VES,2024-02-07,0.0,0.0,480.0,0.0
239,TMF011,4,NOT,2024-02-08,0.0,0.0,480.0,0.0
240,TMF011,4,MAT,2024-02-08,0.0,0.0,480.0,0.0
241,TMF011,4,VES,2024-02-08,0.0,0.0,480.0,0.0
242,TMF011,4,NOT,2024-02-09,0.0,0.0,480.0,0.0
243,TMF011,4,MAT,2024-02-09,0.0,0.0,480.0,0.0
244,TMF011,4,VES,2024-02-09,0.0,0.0,480.0,0.0
245,TMF011,4,NOT,2024-02-10,0.0,0.0,480.0,0.0
246,TMF011,4,MAT,2024-02-10,0.0,22.0,480.0,0.04583333333333333
247,TMF011,4,VES,2024-02-10,0.0,0.0,480.0,0.0
248,TMF011,4,NOT,2024-02-11,0.0,0.0,480.0,
249,TMF011,4,VES,2024-02-13,0.0,0.0,480.0,0.0
250,TMF011,4,NOT,2024-02-14,0.0,0.0,480.0,
251,TMF011,4,MAT,2024-02-14,0.0,0.0,480.0,0.0
252,TMF011,4,VES,2024-02-14,0.0,0.0,480.0,0.0
253,TMF011,4,NOT,2024-02-15,0.0,0.0,480.0,0.0
254,TMF011,4,MAT,2024-02-15,0.0,0.0,480.0,0.0
255,TMF011,4,VES,2024-02-15,0.0,0.0,480.0,0.0
256,TMF011,4,NOT,2024-02-16,0.0,0.0,480.0,0.0
257,TMF011,4,MAT,2024-02-16,0.0,0.0,480.0,0.0
258,TMF011,4,VES,2024-02-16,0.0,0.0,480.0,0.0
259,TMF011,4,NOT,2024-02-17,0.0,20.0,480.0,0.041666666666666664
260,TMF011,4,MAT,2024-02-17,0.0,0.0,480.0,0.0
261,TMF011,4,VES,2024-02-17,0.0,0.0,480.0,0.0
262,TMF011,4,NOT,2024-02-18,0.0,0.0,480.0,
263,TMF011,4,MAT,2024-02-18,0.0,0.0,480.0,
264,TMF011,4,VES,2024-02-18,0.0,0.0,480.0,
265,TMF011,4,NOT,2024-02-19,0.0,0.0,480.0,0.0
266,TMF011,4,MAT,2024-02-19,0.0,0.0,480.0,0.0
267,TMF011,4,VES,2024-02-19,0.0,0.0,480.0,0.0
268,TMF011,4,NOT,2024-02-20,0.0,0.0,480.0,0.0
269,TMF011,4,MAT,2024-02-20,0.0,0.0,480.0,0.0
270,TMF011,4,VES,2024-02-20,0.0,0.0,480.0,0.0
271,TMF011,4,NOT,2024-02-21,0.0,0.0,480.0,0.0
272,TMF011,4,MAT,2024-02-21,0.0,0.0,480.0,0.0
273,TMF011,4,VES,2024-02-21,0.0,0.0,480.0,0.0
274,TMF011,4,NOT,2024-02-22,0.0,0.0,480.0,0.0
275,TMF011,4,MAT,2024-02-22,0.0,66.0,480.0,0.1375
276,TMF011,4,VES,2024-02-22,0.0,0.0,480.0,0.0
277,TMF011,4,NOT,2024-02-23,0.0,0.0,480.0,0.0
278,TMF011,4,MAT,2024-02-23,0.0,4.0,480.0,0.008333333333333333
279,TMF011,4,VES,2024-02-23,0.0,0.0,480.0,
280,TMF011,4,NOT,2024-02-24,0.0,0.0,480.0,
281,TMF011,4,VES,2024-02-24,0.0,0.0,480.0,0.0
282,TMF011,4,VES,2024-02-26,0.0,0.0,480.0,0.0
283,TMF011,4,NOT,2024-02-27,0.0,0.0,480.0,0.0
284,TMF011,4,MAT,2024-02-27,0.0,0.0,480.0,0.0
285,TMF011,4,VES,2024-02-27,0.0,0.0,480.0,0.0
286,TMF011,4,NOT,2024-02-28,0.0,0.0,480.0,0.0
287,TMF011,4,MAT,2024-02-28,0.0,14.0,480.0,0.029166666666666667
288,TMF011,4,VES,2024-02-28,0.0,0.0,480.0,0.0
289,TMF011,4,NOT,2024-02-29,0.0,0.0,480.0,0.0
290,TMF011,4,MAT,2024-02-29,0.0,0.0,480.0,0.0
291,TMF011,4,VES,2024-02-29,0.0,0.0,480.0,0.0
292,TMF014,5,NOT,2024-02-01,0.0,0.0,480.0,0.0
293,TMF014,5,MAT,2024-02-01,0.0,0.0,480.0,0.0
294,TMF014,5,VES,2024-02-01,0.0,0.0,480.0,0.0
295,TMF014,5,NOT,2024-02-02,0.0,0.0,480.0,
296,TMF014,5,VES,2024-02-02,0.0,0.0,480.0,
297,TMF014,5,NOT,2024-02-03,0.0,0.0,480.0,
298,TMF014,5,MAT,2024-02-03,0.0,0.0,480.0,
299,TMF014,5,VES,2024-02-03,0.0,0.0,480.0,
300,TMF014,5,NOT,2024-02-04,0.0,0.0,480.0,
301,TMF014,5,MAT,2024-02-04,0.0,0.0,480.0,
302,TMF014,5,VES,2024-02-04,0.0,0.0,480.0,
303,TMF014,5,NOT,2024-02-05,0.0,0.0,480.0,0.0
304,TMF014,5,MAT,2024-02-05,0.0,0.0,480.0,
305,TMF014,5,VES,2024-02-05,0.0,0.0,480.0,
306,TMF014,5,NOT,2024-02-06,0.0,0.0,480.0,0.0
307,TMF014,5,MAT,2024-02-06,0.0,0.0,480.0,
308,TMF014,5,VES,2024-02-06,0.0,0.0,480.0,
309,TMF014,5,NOT,2024-02-07,0.0,0.0,480.0,
310,TMF014,5,MAT,2024-02-07,0.0,0.0,480.0,
311,TMF014,5,VES,2024-02-07,0.0,0.0,480.0,0.0
312,TMF014,5,NOT,2024-02-08,0.0,0.0,480.0,0.0
313,TMF014,5,MAT,2024-02-08,0.0,0.0,480.0,0.0
314,TMF014,5,VES,2024-02-08,0.0,0.0,480.0,0.0
315,TMF014,5,NOT,2024-02-09,0.0,0.0,480.0,0.0
316,TMF014,5,MAT,2024-02-09,0.0,0.0,480.0,0.0
317,TMF014,5,VES,2024-02-09,0.0,0.0,480.0,0.0
318,TMF014,5,NOT,2024-02-10,0.0,0.0,480.0,0.0
319,TMF014,5,MAT,2024-02-10,0.0,64.0,480.0,0.13333333333333333
320,TMF014,5,VES,2024-02-10,0.0,0.0,480.0,0.0
321,TMF014,5,NOT,2024-02-11,0.0,0.0,480.0,
322,TMF003,5,VES,2024-02-13,0.0,0.0,480.0,0.0
323,TMF003,5,NOT,2024-02-14,0.0,304.0,480.0,0.6333333333333333
324,TMF003,5,MAT,2024-02-14,0.0,0.0,480.0,0.0
325,TMF003,5,VES,2024-02-14,0.0,0.0,480.0,0.0
326,TMF003,5,NOT,2024-02-15,0.0,0.0,480.0,0.0
327,TMF003,5,MAT,2024-02-15,0.0,0.0,480.0,0.0
328,TMF003,5,VES,2024-02-15,0.0,0.0,480.0,0.0
329,TMF003,5,NOT,2024-02-16,0.0,4.0,480.0,0.008333333333333333
330,TMF003,5,MAT,2024-02-16,0.0,0.0,480.0,0.0
331,TMF003,5,VES,2024-02-16,0.0,0.0,480.0,0.0
332,TMF003,5,NOT,2024-02-17,0.0,0.0,480.0,0.0
333,TMF003,5,MAT,2024-02-17,0.0,0.0,480.0,0.0
334,TMF003,5,VES,2024-02-17,0.0,0.0,480.0,0.0
335,TMF003,5,NOT,2024-02-18,0.0,0.0,480.0,
336,TMF003,5,MAT,2024-02-18,0.0,0.0,480.0,
337,TMF003,5,VES,2024-02-18,0.0,0.0,480.0,
338,TMF003,5,NOT,2024-02-19,0.0,10.0,480.0,0.020833333333333332
339,TMF003,5,MAT,2024-02-19,0.0,0.0,480.0,0.0
340,TMF003,5,VES,2024-02-19,0.0,0.0,480.0,0.0
341,TMF003,5,NOT,2024-02-20,0.0,0.0,480.0,0.0
342,TMF003,5,MAT,2024-02-20,0.0,0.0,480.0,0.0
343,TMF003,5,VES,2024-02-20,0.0,0.0,480.0,0.0
344,TMF003,5,NOT,2024-02-21,0.0,0.0,480.0,0.0
345,TMF003,5,MAT,2024-02-21,0.0,50.0,480.0,0.10416666666666667
346,TMF003,5,VES,2024-02-21,0.0,0.0,480.0,0.0
347,TMF003,5,NOT,2024-02-22,0.0,0.0,480.0,0.0
348,TMF003,5,MAT,2024-02-22,0.0,0.0,480.0,0.0
349,TMF003,5,VES,2024-02-22,0.0,20.0,480.0,0.041666666666666664
350,TMF003,5,NOT,2024-02-23,0.0,0.0,480.0,0.0
351,TMF003,5,MAT,2024-02-23,0.0,0.0,480.0,0.0
352,TMF003,5,VES,2024-02-23,0.0,0.0,480.0,
353,TMF003,5,NOT,2024-02-24,0.0,480.0,480.0,1.0
354,TMF003,5,VES,2024-02-24,0.0,0.0,480.0,0.0
355,TMF003,5,VES,2024-02-26,0.0,272.0,480.0,0.5666666666666667
356,TMF003,5,NOT,2024-02-27,0.0,14.0,480.0,0.029166666666666667
357,TMF003,5,MAT,2024-02-27,0.0,0.0,480.0,0.0
358,TMF003,5,VES,2024-02-27,0.0,0.0,480.0,0.0
359,TMF003,5,NOT,2024-02-28,0.0,0.0,480.0,0.0
360,TMF003,5,MAT,2024-02-28,0.0,0.0,480.0,0.0
361,TMF003,5,VES,2024-02-28,0.0,0.0,480.0,0.0
362,TMF003,5,NOT,2024-02-29,0.0,28.0,480.0,0.058333333333333334
363,TMF003,5,MAT,2024-02-29,0.0,20.0,480.0,0.041666666666666664
364,TMF003,5,VES,2024-02-29,0.0,0.0,480.0,0.0
365,TMF004,6,NOT,2024-02-01,0.0,0.0,480.0,
366,TMF004,6,MAT,2024-02-01,0.0,0.0,480.0,
367,TMF004,6,VES,2024-02-01,0.0,0.0,480.0,0.0
368,TMF004,6,NOT,2024-02-02,0.0,0.0,480.0,
369,TMF004,6,VES,2024-02-02,0.0,0.0,480.0,
370,TMF004,6,NOT,2024-02-03,0.0,0.0,480.0,
371,TMF004,6,MAT,2024-02-03,0.0,0.0,480.0,
372,TMF004,6,VES,2024-02-03,0.0,0.0,480.0,
373,TMF004,6,NOT,2024-02-04,0.0,0.0,480.0,
374,TMF004,6,MAT,2024-02-04,0.0,0.0,480.0,
375,TMF004,6,VES,2024-02-04,0.0,0.0,480.0,
376,TMF004,6,NOT,2024-02-05,0.0,0.0,480.0,0.0
377,TMF004,6,MAT,2024-02-05,0.0,0.0,480.0,0.0
378,TMF004,6,VES,2024-02-05,0.0,0.0,480.0,0.0
379,TMF004,6,NOT,2024-02-06,0.0,0.0,480.0,0.0
380,TMF004,6,MAT,2024-02-06,0.0,0.0,480.0,0.0
381,TMF004,6,VES,2024-02-06,0.0,0.0,480.0,0.0
382,TMF004,6,NOT,2024-02-07,0.0,0.0,480.0,0.0
383,TMF004,6,MAT,2024-02-07,0.0,0.0,480.0,0.0
384,TMF004,6,VES,2024-02-07,0.0,0.0,480.0,0.0
385,TMF004,6,NOT,2024-02-08,0.0,0.0,480.0,
386,TMF004,6,MAT,2024-02-08,0.0,0.0,480.0,
387,TMF004,6,VES,2024-02-08,0.0,0.0,480.0,
388,TMF004,6,NOT,2024-02-09,0.0,0.0,480.0,
389,TMF004,6,MAT,2024-02-09,0.0,0.0,480.0,
390,TMF004,6,VES,2024-02-09,0.0,0.0,480.0,
391,TMF004,6,NOT,2024-02-10,0.0,0.0,480.0,
392,TMF004,6,MAT,2024-02-10,0.0,0.0,480.0,
393,TMF004,6,VES,2024-02-10,0.0,0.0,480.0,0.0
394,TMF004,6,NOT,2024-02-11,0.0,0.0,480.0,
395,TMF001,6,VES,2024-02-13,0.0,0.0,480.0,0.0
396,TMF001,6,NOT,2024-02-14,0.0,2.0,480.0,0.004166666666666667
397,TMF001,6,MAT,2024-02-14,0.0,0.0,480.0,0.0
398,TMF001,6,VES,2024-02-14,0.0,0.0,480.0,0.0
399,TMF001,6,NOT,2024-02-15,0.0,0.0,480.0,0.0
400,TMF001,6,MAT,2024-02-15,0.0,0.0,480.0,0.0
401,TMF001,6,VES,2024-02-15,0.0,0.0,480.0,0.0
402,TMF001,6,NOT,2024-02-16,0.0,0.0,480.0,0.0
403,TMF001,6,MAT,2024-02-16,0.0,2.0,480.0,0.004166666666666667
404,TMF001,6,VES,2024-02-16,0.0,0.0,480.0,
405,TMF001,6,NOT,2024-02-17,0.0,0.0,480.0,
406,TMF001,6,MAT,2024-02-17,0.0,2.0,480.0,0.004166666666666667
407,TMF001,6,VES,2024-02-17,0.0,0.0,480.0,0.0
408,TMF001,6,NOT,2024-02-18,0.0,0.0,480.0,
409,TMF001,6,MAT,2024-02-18,0.0,0.0,480.0,
410,TMF001,6,VES,2024-02-18,0.0,0.0,480.0,
411,TMF001,6,NOT,2024-02-19,0.0,0.0,480.0,
412,TMF001,6,MAT,2024-02-19,0.0,0.0,480.0,0.0
413,TMF001,6,VES,2024-02-19,0.0,0.0,480.0,0.0
414,TMF001,6,NOT,2024-02-20,0.0,302.0,480.0,0.6291666666666667
415,TMF001,6,MAT,2024-02-20,0.0,48.0,480.0,0.1
416,TMF001,6,VES,2024-02-20,0.0,0.0,480.0,
417,TMF001,6,NOT,2024-02-21,0.0,0.0,480.0,
418,TMF001,6,MAT,2024-02-21,0.0,0.0,480.0,
419,TMF001,6,VES,2024-02-21,0.0,0.0,480.0,
420,TMF001,6,NOT,2024-02-22,0.0,0.0,480.0,0.0
421,TMF001,6,MAT,2024-02-22,0.0,194.0,480.0,0.4041666666666667
422,TMF001,6,VES,2024-02-22,0.0,0.0,480.0,0.0
423,TMF001,6,NOT,2024-02-23,0.0,0.0,480.0,0.0
424,TMF001,6,MAT,2024-02-23,0.0,0.0,480.0,0.0
425,TMF001,6,VES,2024-02-23,0.0,0.0,480.0,
426,TMF001,6,NOT,2024-02-24,0.0,0.0,480.0,
427,TMF001,6,VES,2024-02-24,0.0,0.0,480.0,0.0
428,TMF001,6,VES,2024-02-26,0.0,0.0,480.0,
429,TMF001,6,NOT,2024-02-27,0.0,0.0,480.0,
430,TMF001,6,MAT,2024-02-27,0.0,480.0,480.0,1.0
431,TMF001,6,VES,2024-02-27,0.0,0.0,480.0,
432,TMF001,6,NOT,2024-02-28,0.0,0.0,480.0,
433,TMF001,6,MAT,2024-02-28,0.0,0.0,480.0,0.0
434,TMF001,6,VES,2024-02-28,0.0,4.0,480.0,0.008333333333333333
435,TMF001,6,NOT,2024-02-29,0.0,0.0,480.0,0.0
436,TMF001,6,MAT,2024-02-29,0.0,0.0,480.0,0.0
437,TMF001,6,VES,2024-02-29,0.0,160.0,480.0,0.3333333333333333
438,TMF009,7,NOT,2024-02-01,0.0,0.0,480.0,0.0
439,TMF009,7,MAT,2024-02-01,0.0,0.0,480.0,0.0
440,TMF009,7,VES,2024-02-01,0.0,0.0,480.0,0.0
441,TMF009,7,NOT,2024-02-02,0.0,0.0,480.0,
442,TMF009,7,VES,2024-02-02,0.0,0.0,480.0,0.0
443,TMF006,7,NOT,2024-02-03,0.0,0.0,480.0,
444,TMF006,7,MAT,2024-02-03,0.0,0.0,480.0,
445,TMF006,7,VES,2024-02-03,0.0,0.0,480.0,
446,TMF006,7,NOT,2024-02-04,0.0,0.0,480.0,
447,TMF006,7,MAT,2024-02-04,0.0,0.0,480.0,
448,TMF006,7,VES,2024-02-04,0.0,0.0,480.0,
449,TMF006,7,NOT,2024-02-05,0.0,90.0,480.0,0.1875
450,TMF006,7,MAT,2024-02-05,0.0,17.0,480.0,0.035416666666666666
451,TMF006,7,VES,2024-02-05,0.0,0.0,480.0,0.0
452,TMF006,7,NOT,2024-02-06,0.0,0.0,480.0,0.0
453,TMF006,7,MAT,2024-02-06,0.0,0.0,480.0,
454,TMF006,7,VES,2024-02-06,0.0,20.0,480.0,0.041666666666666664
455,TMF006,7,NOT,2024-02-07,0.0,0.0,480.0,0.0
456,TMF006,7,MAT,2024-02-07,0.0,0.0,480.0,0.0
457,TMF006,7,VES,2024-02-07,0.0,76.0,480.0,0.15833333333333333
458,TMF006,7,NOT,2024-02-08,0.0,0.0,480.0,0.0
459,TMF006,7,MAT,2024-02-08,0.0,0.0,480.0,0.0
460,TMF006,7,VES,2024-02-08,0.0,0.0,480.0,0.0
461,TMF006,7,NOT,2024-02-09,0.0,4.0,480.0,0.008333333333333333
462,TMF006,7,MAT,2024-02-09,0.0,0.0,480.0,0.0
463,TMF006,7,VES,2024-02-09,0.0,0.0,480.0,0.0
464,TMF006,7,NOT,2024-02-10,0.0,0.0,480.0,0.0
465,TMF006,7,MAT,2024-02-10,0.0,0.0,480.0,0.0
466,TMF006,7,VES,2024-02-10,0.0,0.0,480.0,0.0
467,TMF006,7,NOT,2024-02-11,0.0,0.0,480.0,
468,TMF006,7,VES,2024-02-13,0.0,0.0,480.0,0.0
469,TMF006,7,NOT,2024-02-14,0.0,0.0,480.0,
470,TMF006,7,MAT,2024-02-14,0.0,0.0,480.0,0.0
471,TMF006,7,VES,2024-02-14,0.0,0.0,480.0,0.0
472,TMF006,7,NOT,2024-02-15,0.0,0.0,480.0,0.0
473,TMF006,7,MAT,2024-02-15,0.0,0.0,480.0,0.0
474,TMF006,7,VES,2024-02-15,0.0,0.0,480.0,0.0
475,TMF006,7,NOT,2024-02-16,0.0,0.0,480.0,0.0
476,TMF006,7,MAT,2024-02-16,0.0,0.0,480.0,0.0
477,TMF006,7,VES,2024-02-16,0.0,0.0,480.0,0.0
478,TMF006,7,NOT,2024-02-17,0.0,0.0,480.0,0.0
479,TMF006,7,MAT,2024-02-17,0.0,0.0,480.0,0.0
480,TMF006,7,VES,2024-02-17,0.0,0.0,480.0,0.0
481,TMF006,7,NOT,2024-02-18,0.0,0.0,480.0,
482,TMF006,7,MAT,2024-02-18,0.0,0.0,480.0,
483,TMF006,7,VES,2024-02-18,0.0,0.0,480.0,
484,TMF006,7,NOT,2024-02-19,0.0,10.0,480.0,0.020833333333333332
485,TMF006,7,MAT,2024-02-19,0.0,0.0,480.0,0.0
486,TMF006,7,VES,2024-02-19,0.0,0.0,480.0,0.0
487,TMF006,7,NOT,2024-02-20,0.0,0.0,480.0,0.0
488,TMF006,7,MAT,2024-02-20,0.0,0.0,480.0,0.0
489,TMF006,7,VES,2024-02-20,0.0,0.0,480.0,0.0
490,TMF006,7,NOT,2024-02-21,0.0,0.0,480.0,0.0
491,TMF006,7,MAT,2024-02-21,0.0,0.0,480.0,0.0
492,TMF006,7,VES,2024-02-21,0.0,0.0,480.0,0.0
493,TMF006,7,NOT,2024-02-22,0.0,0.0,480.0,
494,TMF006,7,MAT,2024-02-22,0.0,0.0,480.0,
495,TMF006,7,VES,2024-02-22,0.0,0.0,480.0,0.0
496,TMF006,7,NOT,2024-02-23,0.0,0.0,480.0,0.0
497,TMF006,7,MAT,2024-02-23,0.0,2.0,480.0,0.004166666666666667
498,TMF006,7,VES,2024-02-23,0.0,0.0,480.0,
499,TMF006,7,NOT,2024-02-24,0.0,0.0,480.0,
500,TMF006,7,VES,2024-02-26,0.0,0.0,480.0,
501,TMF006,7,NOT,2024-02-27,0.0,0.0,480.0,
502,TMF006,7,MAT,2024-02-27,0.0,0.0,480.0,0.0
503,TMF006,7,VES,2024-02-27,0.0,0.0,480.0,0.0
504,TMF006,7,NOT,2024-02-28,0.0,0.0,480.0,0.0
505,TMF006,7,MAT,2024-02-28,0.0,0.0,480.0,0.0
506,TMF006,7,VES,2024-02-28,0.0,10.0,480.0,0.020833333333333332
507,TMF006,7,NOT,2024-02-29,0.0,0.0,480.0,0.0
508,TMF006,7,MAT,2024-02-29,0.0,0.0,480.0,0.0
509,TMF006,7,VES,2024-02-29,0.0,18.0,480.0,0.0375
510,TMF003,8,NOT,2024-02-01,0.0,0.0,480.0,0.0
511,TMF003,8,MAT,2024-02-01,0.0,0.0,480.0,0.0
512,TMF003,8,VES,2024-02-01,0.0,0.0,480.0,0.0
513,TMF003,8,NOT,2024-02-02,0.0,0.0,480.0,
514,TMF003,8,VES,2024-02-02,0.0,0.0,480.0,
515,TMF003,8,NOT,2024-02-03,0.0,0.0,480.0,
516,TMF003,8,MAT,2024-02-03,0.0,0.0,480.0,
517,TMF003,8,VES,2024-02-03,0.0,0.0,480.0,
518,TMF003,8,NOT,2024-02-04,0.0,0.0,480.0,
519,TMF003,8,MAT,2024-02-04,0.0,0.0,480.0,
520,TMF003,8,VES,2024-02-04,0.0,0.0,480.0,
521,TMF003,8,NOT,2024-02-05,0.0,2.0,480.0,0.004166666666666667
522,TMF003,8,MAT,2024-02-05,0.0,0.0,480.0,0.0
523,TMF003,8,VES,2024-02-05,0.0,0.0,480.0,0.0
524,TMF003,8,NOT,2024-02-06,0.0,0.0,480.0,0.0
525,TMF003,8,MAT,2024-02-06,0.0,0.0,480.0,0.0
526,TMF003,8,VES,2024-02-06,0.0,0.0,480.0,0.0
527,TMF003,8,NOT,2024-02-07,0.0,0.0,480.0,0.0
528,TMF003,8,MAT,2024-02-07,0.0,0.0,480.0,0.0
529,TMF003,8,VES,2024-02-07,0.0,0.0,480.0,0.0
530,TMF003,8,NOT,2024-02-08,0.0,0.0,480.0,0.0
531,TMF003,8,MAT,2024-02-08,0.0,0.0,480.0,0.0
532,TMF003,8,VES,2024-02-08,0.0,0.0,480.0,0.0
533,TMF003,8,NOT,2024-02-09,0.0,96.0,480.0,0.2
534,TMF003,8,MAT,2024-02-09,0.0,0.0,480.0,0.0
535,TMF003,8,VES,2024-02-09,0.0,0.0,480.0,0.0
536,TMF003,8,NOT,2024-02-10,0.0,16.0,480.0,0.03333333333333333
537,TMF003,8,MAT,2024-02-10,0.0,0.0,480.0,0.0
538,TMF003,8,VES,2024-02-10,0.0,0.0,480.0,0.0
539,TMF003,8,NOT,2024-02-11,0.0,0.0,480.0,
540,TMF014,8,VES,2024-02-13,0.0,0.0,480.0,0.0
541,TMF014,8,NOT,2024-02-14,0.0,0.0,480.0,
542,TMF014,8,MAT,2024-02-14,0.0,0.0,480.0,0.0
543,TMF014,8,VES,2024-02-14,0.0,0.0,480.0,0.0
544,TMF014,8,NOT,2024-02-15,0.0,0.0,480.0,0.0
545,TMF014,8,MAT,2024-02-15,0.0,0.0,480.0,0.0
546,TMF014,8,VES,2024-02-15,0.0,0.0,480.0,0.0
547,TMF014,8,NOT,2024-02-16,0.0,0.0,480.0,0.0
548,TMF014,8,MAT,2024-02-16,0.0,0.0,480.0,0.0
549,TMF014,8,VES,2024-02-16,0.0,0.0,480.0,0.0
550,TMF014,8,NOT,2024-02-17,0.0,0.0,480.0,0.0
551,TMF014,8,MAT,2024-02-17,0.0,0.0,480.0,0.0
552,TMF014,8,VES,2024-02-17,0.0,0.0,480.0,0.0
553,TMF014,8,NOT,2024-02-18,0.0,0.0,480.0,
554,TMF014,8,MAT,2024-02-18,0.0,0.0,480.0,
555,TMF014,8,VES,2024-02-18,0.0,0.0,480.0,0.0
556,TMF014,8,NOT,2024-02-19,0.0,0.0,480.0,0.0
557,TMF014,8,MAT,2024-02-19,0.0,0.0,480.0,0.0
558,TMF014,8,VES,2024-02-19,0.0,0.0,480.0,0.0
559,TMF014,8,NOT,2024-02-20,0.0,0.0,480.0,
560,TMF014,8,MAT,2024-02-20,0.0,76.0,480.0,0.15833333333333333
561,TMF014,8,VES,2024-02-20,0.0,0.0,480.0,0.0
562,TMF014,8,NOT,2024-02-21,0.0,0.0,480.0,0.0
563,TMF014,8,MAT,2024-02-21,0.0,0.0,480.0,0.0
564,TMF014,8,VES,2024-02-21,0.0,0.0,480.0,0.0
565,TMF014,8,NOT,2024-02-22,0.0,0.0,480.0,0.0
566,TMF014,8,MAT,2024-02-22,0.0,0.0,480.0,0.0
567,TMF014,8,VES,2024-02-22,0.0,0.0,480.0,0.0
568,TMF014,8,NOT,2024-02-23,0.0,0.0,480.0,
569,TMF014,8,MAT,2024-02-23,0.0,0.0,480.0,0.0
570,TMF014,8,VES,2024-02-23,0.0,0.0,480.0,
571,TMF014,8,NOT,2024-02-24,0.0,480.0,480.0,1.0
572,TMF014,8,VES,2024-02-26,0.0,258.0,480.0,0.5375
573,TMF014,8,NOT,2024-02-27,0.0,14.0,480.0,0.029166666666666667
574,TMF014,8,MAT,2024-02-27,0.0,0.0,480.0,0.0
575,TMF014,8,VES,2024-02-27,0.0,0.0,480.0,0.0
576,TMF014,8,NOT,2024-02-28,0.0,0.0,480.0,0.0
577,TMF014,8,MAT,2024-02-28,0.0,0.0,480.0,0.0
578,TMF014,8,VES,2024-02-28,0.0,0.0,480.0,0.0
579,TMF014,8,NOT,2024-02-29,0.0,12.0,480.0,0.025
580,TMF014,8,MAT,2024-02-29,0.0,0.0,480.0,0.0
581,TMF014,8,VES,2024-02-29,0.0,94.0,480.0,0.19583333333333333
582,TMF001,9,NOT,2024-02-01,0.0,0.0,480.0,0.0
583,TMF001,9,MAT,2024-02-01,0.0,0.0,480.0,0.0
584,TMF001,9,VES,2024-02-01,0.0,0.0,480.0,0.0
585,TMF001,9,NOT,2024-02-02,0.0,0.0,480.0,
586,TMF001,9,VES,2024-02-02,0.0,0.0,480.0,
587,TMF001,9,NOT,2024-02-03,0.0,0.0,480.0,
588,TMF001,9,MAT,2024-02-03,0.0,0.0,480.0,
589,TMF001,9,VES,2024-02-03,0.0,0.0,480.0,
590,TMF001,9,NOT,2024-02-04,0.0,0.0,480.0,
591,TMF001,9,MAT,2024-02-04,0.0,0.0,480.0,
592,TMF001,9,VES,2024-02-04,0.0,0.0,480.0,
593,TMF001,9,NOT,2024-02-05,0.0,0.0,480.0,0.0
594,TMF001,9,MAT,2024-02-05,0.0,0.0,480.0,0.0
595,TMF001,9,VES,2024-02-05,0.0,170.0,480.0,0.3541666666666667
596,TMF001,9,NOT,2024-02-06,0.0,24.0,480.0,0.05
597,TMF001,9,MAT,2024-02-06,0.0,0.0,480.0,0.0
598,TMF001,9,VES,2024-02-06,0.0,0.0,480.0,0.0
599,TMF001,9,NOT,2024-02-07,0.0,144.0,480.0,0.3
600,TMF001,9,MAT,2024-02-07,0.0,0.0,480.0,0.0
601,TMF001,9,VES,2024-02-07,0.0,0.0,480.0,0.0
602,TMF001,9,NOT,2024-02-08,0.0,0.0,480.0,0.0
603,TMF001,9,MAT,2024-02-08,0.0,0.0,480.0,0.0
604,TMF001,9,VES,2024-02-08,0.0,0.0,480.0,0.0
605,TMF001,9,NOT,2024-02-09,0.0,0.0,480.0,0.0
606,TMF001,9,MAT,2024-02-09,0.0,0.0,480.0,0.0
607,TMF001,9,VES,2024-02-09,0.0,0.0,480.0,0.0
608,TMF001,9,NOT,2024-02-10,0.0,0.0,480.0,0.0
609,TMF001,9,MAT,2024-02-10,0.0,0.0,480.0,0.0
610,TMF001,9,VES,2024-02-10,0.0,0.0,480.0,0.0
611,TMF001,9,NOT,2024-02-11,0.0,0.0,480.0,
612,TMF004,9,VES,2024-02-13,0.0,0.0,480.0,0.0
613,TMF004,9,NOT,2024-02-14,0.0,0.0,480.0,0.0
614,TMF004,9,MAT,2024-02-14,0.0,0.0,480.0,0.0
615,TMF004,9,VES,2024-02-14,0.0,0.0,480.0,0.0
616,TMF004,9,NOT,2024-02-15,0.0,0.0,480.0,0.0
617,TMF004,9,MAT,2024-02-15,0.0,0.0,480.0,0.0
618,TMF004,9,VES,2024-02-15,0.0,0.0,480.0,0.0
619,TMF004,9,NOT,2024-02-16,0.0,0.0,480.0,
620,TMF004,9,MAT,2024-02-16,0.0,4.0,480.0,0.008333333333333333
621,TMF004,9,VES,2024-02-16,0.0,0.0,480.0,0.0
622,TMF004,9,NOT,2024-02-17,0.0,0.0,480.0,0.0
623,TMF004,9,MAT,2024-02-17,0.0,0.0,480.0,0.0
624,TMF004,9,VES,2024-02-17,0.0,0.0,480.0,0.0
625,TMF004,9,NOT,2024-02-18,0.0,0.0,480.0,
626,TMF004,9,MAT,2024-02-18,0.0,0.0,480.0,
627,TMF004,9,VES,2024-02-18,0.0,0.0,480.0,
628,TMF004,9,NOT,2024-02-19,0.0,0.0,480.0,0.0
629,TMF004,9,MAT,2024-02-19,0.0,0.0,480.0,
630,TMF004,9,VES,2024-02-19,0.0,0.0,480.0,0.0
631,TMF004,9,NOT,2024-02-20,0.0,0.0,480.0,0.0
632,TMF004,9,MAT,2024-02-20,0.0,0.0,480.0,
633,TMF004,9,VES,2024-02-20,0.0,0.0,480.0,
634,TMF004,9,NOT,2024-02-21,0.0,0.0,480.0,0.0
635,TMF004,9,MAT,2024-02-21,0.0,102.0,480.0,0.2125
636,TMF004,9,VES,2024-02-21,0.0,0.0,480.0,0.0
637,TMF004,9,NOT,2024-02-22,0.0,0.0,480.0,0.0
638,TMF004,9,MAT,2024-02-22,0.0,0.0,480.0,0.0
639,TMF004,9,VES,2024-02-22,0.0,0.0,480.0,0.0
640,TMF004,9,NOT,2024-02-23,0.0,0.0,480.0,
641,TMF004,9,MAT,2024-02-23,0.0,0.0,480.0,0.0
642,TMF004,9,VES,2024-02-23,0.0,0.0,480.0,0.0
643,TMF004,9,NOT,2024-02-24,0.0,0.0,480.0,0.0
644,TMF004,9,VES,2024-02-26,0.0,0.0,480.0,0.0
645,TMF004,9,NOT,2024-02-27,0.0,0.0,480.0,0.0
646,TMF004,9,MAT,2024-02-27,0.0,0.0,480.0,
647,TMF004,9,VES,2024-02-27,0.0,0.0,480.0,
648,TMF004,9,NOT,2024-02-28,0.0,0.0,480.0,
649,TMF004,9,MAT,2024-02-28,0.0,0.0,480.0,
650,TMF004,9,VES,2024-02-28,0.0,0.0,480.0,
651,TMF004,9,NOT,2024-02-29,0.0,0.0,480.0,
652,TMF004,9,MAT,2024-02-29,0.0,0.0,480.0,
653,TMF004,9,VES,2024-02-29,0.0,0.0,480.0,0.0
654,TMF008,10,VES,2024-02-06,0.0,0.0,480.0,0.0
655,TMF008,10,NOT,2024-02-07,0.0,0.0,480.0,
656,TMF008,10,MAT,2024-02-07,0.0,0.0,480.0,
657,TMF008,10,VES,2024-02-07,0.0,0.0,480.0,
658,TMF008,10,NOT,2024-02-08,0.0,0.0,480.0,
659,TMF008,10,MAT,2024-02-08,0.0,0.0,480.0,
660,TMF008,10,VES,2024-02-08,0.0,0.0,480.0,
661,TMF008,10,NOT,2024-02-09,0.0,0.0,480.0,
662,TMF008,10,MAT,2024-02-09,0.0,0.0,480.0,
663,TMF008,10,VES,2024-02-09,0.0,0.0,480.0,
664,TMF008,10,NOT,2024-02-10,0.0,0.0,480.0,
665,TMF008,10,MAT,2024-02-10,0.0,0.0,480.0,
666,TMF008,10,VES,2024-02-10,0.0,0.0,480.0,
667,TMF008,10,NOT,2024-02-11,0.0,0.0,480.0,
668,TMF008,10,MAT,2024-02-11,0.0,0.0,480.0,
669,TMF008,10,VES,2024-02-11,0.0,0.0,480.0,
670,TMF008,10,NOT,2024-02-12,0.0,0.0,480.0,
671,TMF008,10,MAT,2024-02-12,0.0,0.0,480.0,
672,TMF008,10,VES,2024-02-12,0.0,0.0,480.0,
673,TMF008,10,NOT,2024-02-13,0.0,0.0,480.0,
674,TMF008,10,MAT,2024-02-13,0.0,0.0,480.0,
675,TMF008,10,VES,2024-02-13,0.0,0.0,480.0,
676,TMF008,10,NOT,2024-02-14,0.0,0.0,480.0,0.0
677,TMF008,10,MAT,2024-02-14,0.0,0.0,480.0,0.0
678,TMF008,10,VES,2024-02-14,0.0,0.0,480.0,
679,TMF008,10,NOT,2024-02-15,0.0,0.0,480.0,
680,TMF008,10,MAT,2024-02-15,0.0,0.0,480.0,
681,TMF008,10,VES,2024-02-15,0.0,0.0,480.0,
682,TMF008,10,NOT,2024-02-16,0.0,0.0,480.0,
683,TMF008,10,MAT,2024-02-16,0.0,0.0,480.0,
684,TMF008,10,VES,2024-02-16,0.0,0.0,480.0,
685,TMF008,10,NOT,2024-02-17,0.0,0.0,480.0,
686,TMF008,10,MAT,2024-02-17,0.0,0.0,480.0,
687,TMF008,10,VES,2024-02-17,0.0,0.0,480.0,
688,TMF008,10,NOT,2024-02-18,0.0,0.0,480.0,
689,TMF008,10,MAT,2024-02-18,0.0,0.0,480.0,
690,TMF008,10,VES,2024-02-18,0.0,0.0,480.0,
691,TMF008,10,NOT,2024-02-19,0.0,470.0,480.0,0.9791666666666666
692,TMF008,10,MAT,2024-02-19,0.0,0.0,480.0,0.0
693,TMF008,10,VES,2024-02-19,0.0,0.0,480.0,0.0
694,TMF008,10,NOT,2024-02-20,0.0,0.0,480.0,
695,TMF008,10,MAT,2024-02-20,0.0,0.0,480.0,
696,TMF008,10,VES,2024-02-20,0.0,0.0,480.0,
697,TMF008,10,NOT,2024-02-21,0.0,0.0,480.0,
698,TMF008,10,MAT,2024-02-21,0.0,0.0,480.0,
699,TMF008,10,VES,2024-02-21,0.0,0.0,480.0,
700,TMF008,10,NOT,2024-02-22,0.0,0.0,480.0,
701,TMF008,10,MAT,2024-02-22,0.0,0.0,480.0,
702,TMF008,10,VES,2024-02-22,0.0,0.0,480.0,
703,TMF008,10,NOT,2024-02-23,0.0,0.0,480.0,
704,TMF008,10,MAT,2024-02-23,0.0,0.0,480.0,
705,TMF008,10,VES,2024-02-23,0.0,0.0,480.0,0.0
706,TMF008,10,NOT,2024-02-24,0.0,0.0,480.0,
707,TMF008,10,MAT,2024-02-24,0.0,0.0,480.0,
708,TMF008,10,VES,2024-02-24,0.0,0.0,480.0,
709,TMF008,10,NOT,2024-02-25,0.0,0.0,480.0,
710,TMF008,10,MAT,2024-02-25,0.0,0.0,480.0,
711,TMF008,10,VES,2024-02-25,0.0,0.0,480.0,
712,TMF008,10,NOT,2024-02-26,0.0,0.0,480.0,
713,TMF008,10,MAT,2024-02-26,0.0,0.0,480.0,
714,TMF008,10,VES,2024-02-26,0.0,0.0,480.0,0.0
715,TMF008,10,NOT,2024-02-27,0.0,0.0,480.0,0.0
716,TMF008,10,MAT,2024-02-27,0.0,0.0,480.0,0.0
717,TMF008,10,VES,2024-02-27,0.0,0.0,480.0,
718,TMF008,10,NOT,2024-02-28,0.0,0.0,480.0,
719,TMF008,10,MAT,2024-02-28,0.0,0.0,480.0,
720,TMF008,10,VES,2024-02-28,0.0,0.0,480.0,
721,TMF008,10,NOT,2024-02-29,0.0,0.0,480.0,
722,TMF008,10,MAT,2024-02-29,0.0,0.0,480.0,
723,TMF008,10,VES,2024-02-29,0.0,464.0,480.0,0.9666666666666667
724,TMF013,11,NOT,2024-02-01,0.0,0.0,480.0,0.0
725,TMF013,11,MAT,2024-02-01,0.0,0.0,480.0,0.0
726,TMF013,11,VES,2024-02-01,0.0,0.0,480.0,0.0
727,TMF013,11,NOT,2024-02-02,0.0,0.0,480.0,
728,TMF013,11,MAT,2024-02-02,0.0,0.0,480.0,
729,TMF013,11,VES,2024-02-02,0.0,0.0,480.0,
730,TMF013,11,NOT,2024-02-03,0.0,0.0,480.0,
731,TMF013,11,MAT,2024-02-03,0.0,0.0,480.0,
732,TMF013,11,VES,2024-02-03,0.0,0.0,480.0,
733,TMF013,11,NOT,2024-02-04,0.0,0.0,480.0,
734,TMF013,11,MAT,2024-02-04,0.0,0.0,480.0,
735,TMF013,11,VES,2024-02-04,0.0,0.0,480.0,
736,TMF013,11,NOT,2024-02-05,0.0,0.0,480.0,0.0
737,TMF013,11,MAT,2024-02-05,0.0,0.0,480.0,
738,TMF013,11,VES,2024-02-05,0.0,0.0,480.0,0.0
739,TMF013,11,NOT,2024-02-06,0.0,0.0,480.0,0.0
740,TMF013,11,MAT,2024-02-06,0.0,0.0,480.0,0.0
741,TMF013,11,VES,2024-02-06,0.0,0.0,480.0,0.0
742,TMF013,11,NOT,2024-02-07,0.0,0.0,480.0,0.0
743,TMF013,11,MAT,2024-02-07,0.0,0.0,480.0,0.0
744,TMF013,11,VES,2024-02-07,0.0,0.0,480.0,0.0
745,TMF013,11,NOT,2024-02-08,0.0,0.0,480.0,0.0
746,TMF013,11,MAT,2024-02-08,0.0,0.0,480.0,0.0
747,TMF013,11,VES,2024-02-08,0.0,0.0,480.0,0.0
748,TMF013,11,NOT,2024-02-09,0.0,0.0,480.0,0.0
749,TMF013,11,MAT,2024-02-09,0.0,0.0,480.0,
750,TMF013,11,VES,2024-02-09,0.0,0.0,480.0,
751,TMF013,11,NOT,2024-02-10,0.0,0.0,480.0,
752,TMF013,11,MAT,2024-02-10,0.0,0.0,480.0,
753,TMF013,11,VES,2024-02-10,0.0,0.0,480.0,
754,TMF013,11,NOT,2024-02-11,0.0,0.0,480.0,
755,TMF013,11,MAT,2024-02-11,0.0,0.0,480.0,
756,TMF013,11,VES,2024-02-11,0.0,0.0,480.0,
757,TMF013,11,NOT,2024-02-12,0.0,0.0,480.0,
758,TMF013,11,MAT,2024-02-12,0.0,0.0,480.0,
759,TMF013,11,VES,2024-02-12,0.0,0.0,480.0,
760,TMF013,11,NOT,2024-02-13,0.0,0.0,480.0,
761,TMF013,11,MAT,2024-02-13,0.0,0.0,480.0,
762,TMF013,11,VES,2024-02-13,0.0,0.0,480.0,
763,TMF013,11,NOT,2024-02-14,0.0,0.0,480.0,0.0
764,TMF013,11,MAT,2024-02-14,0.0,0.0,480.0,0.0
765,TMF013,11,VES,2024-02-14,0.0,0.0,480.0,0.0
766,TMF013,11,NOT,2024-02-15,0.0,0.0,480.0,0.0
767,TMF013,11,MAT,2024-02-15,0.0,0.0,480.0,0.0
768,TMF013,11,VES,2024-02-15,0.0,0.0,480.0,0.0
769,TMF013,11,NOT,2024-02-16,0.0,0.0,480.0,0.0
770,TMF013,11,MAT,2024-02-16,0.0,0.0,480.0,0.0
771,TMF013,11,VES,2024-02-16,0.0,0.0,480.0,0.0
772,TMF013,11,NOT,2024-02-17,0.0,0.0,480.0,0.0
773,TMF013,11,MAT,2024-02-17,0.0,0.0,480.0,0.0
774,TMF013,11,VES,2024-02-17,0.0,0.0,480.0,
775,TMF013,11,NOT,2024-02-18,0.0,0.0,480.0,
776,TMF013,11,MAT,2024-02-18,0.0,0.0,480.0,
777,TMF013,11,VES,2024-02-18,0.0,0.0,480.0,
778,TMF013,11,NOT,2024-02-19,0.0,0.0,480.0,0.0
779,TMF013,11,MAT,2024-02-19,0.0,0.0,480.0,
780,TMF013,11,VES,2024-02-19,0.0,0.0,480.0,0.0
781,TMF013,11,NOT,2024-02-20,0.0,0.0,480.0,0.0
782,TMF013,11,MAT,2024-02-20,0.0,0.0,480.0,0.0
783,TMF013,11,VES,2024-02-20,0.0,0.0,480.0,0.0
784,TMF013,11,NOT,2024-02-21,0.0,0.0,480.0,0.0
785,TMF013,11,MAT,2024-02-21,0.0,0.0,480.0,0.0
786,TMF013,11,VES,2024-02-21,0.0,0.0,480.0,0.0
787,TMF013,11,NOT,2024-02-22,0.0,0.0,480.0,0.0
788,TMF013,11,MAT,2024-02-22,0.0,144.0,480.0,0.3
789,TMF013,11,VES,2024-02-22,0.0,0.0,480.0,0.0
790,TMF013,11,NOT,2024-02-23,0.0,0.0,480.0,
791,TMF013,11,MAT,2024-02-23,0.0,28.0,480.0,0.058333333333333334
792,TMF013,11,VES,2024-02-23,0.0,0.0,480.0,
793,TMF013,11,NOT,2024-02-24,0.0,0.0,480.0,
794,TMF013,11,MAT,2024-02-24,0.0,0.0,480.0,
795,TMF013,11,VES,2024-02-24,0.0,0.0,480.0,
796,TMF010,11,MAT,2024-02-27,0.0,0.0,480.0,0.0
797,TMF010,11,VES,2024-02-27,0.0,0.0,480.0,0.0
798,TMF010,11,NOT,2024-02-28,0.0,0.0,480.0,
799,TMF010,11,MAT,2024-02-28,0.0,0.0,480.0,
800,TMF010,11,VES,2024-02-28,0.0,480.0,480.0,1.0
801,TMF010,11,NOT,2024-02-29,0.0,0.0,480.0,
802,TMF010,11,MAT,2024-02-29,0.0,34.0,480.0,0.07083333333333333
803,TMF010,11,VES,2024-02-29,0.0,0.0,480.0,0.0
804,TMF012,12,NOT,2024-02-01,0.0,0.0,480.0,0.0
805,TMF012,12,MAT,2024-02-01,0.0,0.0,480.0,0.0
806,TMF012,12,VES,2024-02-01,0.0,0.0,480.0,0.0
807,TMF012,12,NOT,2024-02-02,0.0,0.0,480.0,
808,TMF012,12,MAT,2024-02-02,0.0,0.0,480.0,
809,TMF012,12,VES,2024-02-02,0.0,0.0,480.0,
810,TMF012,12,NOT,2024-02-03,0.0,0.0,480.0,
811,TMF012,12,MAT,2024-02-03,0.0,0.0,480.0,
812,TMF012,12,VES,2024-02-03,0.0,0.0,480.0,
813,TMF012,12,NOT,2024-02-04,0.0,0.0,480.0,
814,TMF012,12,MAT,2024-02-04,0.0,0.0,480.0,
815,TMF012,12,VES,2024-02-04,0.0,0.0,480.0,
816,TMF012,12,NOT,2024-02-05,0.0,0.0,480.0,
817,TMF012,12,MAT,2024-02-05,0.0,0.0,480.0,
818,TMF012,12,VES,2024-02-05,0.0,0.0,480.0,
819,TMF012,12,NOT,2024-02-06,0.0,0.0,480.0,
820,TMF012,12,MAT,2024-02-06,0.0,0.0,480.0,
821,TMF012,12,VES,2024-02-06,0.0,0.0,480.0,
822,TMF012,12,NOT,2024-02-07,0.0,0.0,480.0,
823,TMF012,12,MAT,2024-02-07,0.0,0.0,480.0,
824,TMF012,12,VES,2024-02-07,0.0,0.0,480.0,
825,TMF012,12,NOT,2024-02-08,0.0,0.0,480.0,
826,TMF012,12,MAT,2024-02-08,0.0,0.0,480.0,
827,TMF012,12,VES,2024-02-08,0.0,0.0,480.0,
828,TMF012,12,NOT,2024-02-09,0.0,0.0,480.0,0.0
829,TMF012,12,MAT,2024-02-09,0.0,0.0,480.0,0.0
830,TMF012,12,VES,2024-02-09,0.0,0.0,480.0,0.0
831,TMF012,12,NOT,2024-02-10,0.0,0.0,480.0,0.0
832,TMF012,12,MAT,2024-02-10,0.0,0.0,480.0,0.0
833,TMF012,12,VES,2024-02-10,0.0,0.0,480.0,
834,TMF012,12,NOT,2024-02-11,0.0,0.0,480.0,
835,TMF012,12,MAT,2024-02-11,0.0,0.0,480.0,
836,TMF012,12,VES,2024-02-11,0.0,0.0,480.0,
837,TMF012,12,NOT,2024-02-12,0.0,0.0,480.0,
838,TMF012,12,MAT,2024-02-12,0.0,0.0,480.0,
839,TMF012,12,VES,2024-02-12,0.0,0.0,480.0,
840,TMF012,12,NOT,2024-02-13,0.0,0.0,480.0,
841,TMF012,12,MAT,2024-02-13,0.0,0.0,480.0,
842,TMF012,12,VES,2024-02-13,0.0,0.0,480.0,
843,TMF012,12,NOT,2024-02-14,0.0,0.0,480.0,0.0
844,TMF012,12,MAT,2024-02-14,0.0,0.0,480.0,0.0
845,TMF012,12,VES,2024-02-14,0.0,0.0,480.0,0.0
846,TMF012,12,NOT,2024-02-15,0.0,0.0,480.0,0.0
847,TMF012,12,MAT,2024-02-15,0.0,0.0,480.0,0.0
848,TMF012,12,VES,2024-02-15,0.0,0.0,480.0,
849,TMF012,12,NOT,2024-02-16,0.0,0.0,480.0,0.0
850,TMF012,12,MAT,2024-02-16,0.0,0.0,480.0,0.0
851,TMF012,12,VES,2024-02-16,0.0,0.0,480.0,0.0
852,TMF012,12,NOT,2024-02-17,0.0,0.0,480.0,0.0
853,TMF012,12,MAT,2024-02-17,0.0,0.0,480.0,0.0
854,TMF012,12,VES,2024-02-17,0.0,0.0,480.0,
855,TMF012,12,NOT,2024-02-18,0.0,0.0,480.0,
856,TMF012,12,MAT,2024-02-18,0.0,0.0,480.0,
857,TMF012,12,VES,2024-02-18,0.0,0.0,480.0,
858,TMF012,12,NOT,2024-02-19,0.0,0.0,480.0,0.0
859,TMF012,12,MAT,2024-02-19,0.0,0.0,480.0,0.0
860,TMF012,12,VES,2024-02-19,0.0,0.0,480.0,0.0
861,TMF012,12,NOT,2024-02-20,0.0,0.0,480.0,0.0
862,TMF012,12,MAT,2024-02-20,0.0,0.0,480.0,0.0
863,TMF012,12,VES,2024-02-20,0.0,0.0,480.0,0.0
864,TMF012,12,NOT,2024-02-21,0.0,2.0,480.0,0.004166666666666667
865,TMF012,12,MAT,2024-02-21,0.0,0.0,480.0,0.0
866,TMF012,12,VES,2024-02-21,0.0,0.0,480.0,0.0
867,TMF012,12,NOT,2024-02-22,0.0,0.0,480.0,0.0
868,TMF012,12,MAT,2024-02-22,0.0,242.0,480.0,0.5041666666666667
869,TMF012,12,VES,2024-02-22,0.0,0.0,480.0,0.0
870,TMF012,12,NOT,2024-02-23,0.0,0.0,480.0,0.0
871,TMF012,12,MAT,2024-02-23,0.0,0.0,480.0,0.0
872,TMF012,12,VES,2024-02-23,0.0,0.0,480.0,0.0
873,TMF012,12,NOT,2024-02-24,0.0,0.0,480.0,
874,TMF012,12,MAT,2024-02-24,0.0,0.0,480.0,
875,TMF012,12,VES,2024-02-24,0.0,0.0,480.0,
876,TMF012,12,NOT,2024-02-25,0.0,0.0,480.0,
877,TMF012,12,MAT,2024-02-25,0.0,0.0,480.0,
878,TMF012,12,VES,2024-02-25,0.0,0.0,480.0,
879,TMF012,12,NOT,2024-02-26,0.0,0.0,480.0,
880,TMF012,12,MAT,2024-02-26,0.0,0.0,480.0,
881,TMF012,12,VES,2024-02-26,0.0,0.0,480.0,0.0
882,TMF012,12,NOT,2024-02-27,0.0,0.0,480.0,0.0
883,TMF012,12,MAT,2024-02-27,0.0,0.0,480.0,0.0
884,TMF012,12,VES,2024-02-27,0.0,376.0,480.0,0.7833333333333333
885,TMF012,12,NOT,2024-02-28,0.0,0.0,480.0,0.0
886,TMF012,12,MAT,2024-02-28,0.0,0.0,480.0,0.0
887,TMF012,12,VES,2024-02-28,0.0,0.0,480.0,0.0
888,TMF012,12,NOT,2024-02-29,0.0,0.0,480.0,0.0
889,TMF012,12,MAT,2024-02-29,0.0,10.0,480.0,0.020833333333333332
890,TMF012,12,VES,2024-02-29,0.0,0.0,480.0,0.0
891,TMF007,13,NOT,2024-02-01,0.0,0.0,480.0,0.0
892,TMF007,13,MAT,2024-02-01,0.0,0.0,480.0,0.0
893,TMF007,13,VES,2024-02-01,0.0,0.0,480.0,0.0
894,TMF007,13,NOT,2024-02-02,0.0,0.0,480.0,
895,TMF007,13,MAT,2024-02-02,0.0,0.0,480.0,
896,TMF007,13,VES,2024-02-02,0.0,0.0,480.0,
897,TMF007,13,NOT,2024-02-03,0.0,0.0,480.0,
898,TMF007,13,MAT,2024-02-03,0.0,0.0,480.0,
899,TMF007,13,VES,2024-02-03,0.0,0.0,480.0,
900,TMF007,13,NOT,2024-02-04,0.0,0.0,480.0,
901,TMF007,13,MAT,2024-02-04,0.0,0.0,480.0,
902,TMF007,13,VES,2024-02-04,0.0,0.0,480.0,
903,TMF007,13,NOT,2024-02-05,0.0,0.0,480.0,
904,TMF007,13,MAT,2024-02-05,0.0,0.0,480.0,0.0
905,TMF007,13,VES,2024-02-05,0.0,0.0,480.0,0.0
906,TMF007,13,NOT,2024-02-06,0.0,0.0,480.0,0.0
907,TMF007,13,MAT,2024-02-06,0.0,0.0,480.0,0.0
908,TMF007,13,VES,2024-02-06,0.0,0.0,480.0,0.0
909,TMF007,13,NOT,2024-02-07,0.0,0.0,480.0,0.0
910,TMF007,13,MAT,2024-02-07,0.0,0.0,480.0,0.0
911,TMF007,13,VES,2024-02-07,0.0,0.0,480.0,0.0
912,TMF007,13,NOT,2024-02-08,0.0,0.0,480.0,0.0
913,TMF007,13,MAT,2024-02-08,0.0,0.0,480.0,0.0
914,TMF007,13,VES,2024-02-08,0.0,0.0,480.0,0.0
915,TMF007,13,NOT,2024-02-09,0.0,0.0,480.0,0.0
916,TMF007,13,MAT,2024-02-09,0.0,0.0,480.0,0.0
917,TMF007,13,VES,2024-02-09,0.0,0.0,480.0,0.0
918,TMF007,13,NOT,2024-02-10,0.0,0.0,480.0,0.0
919,TMF007,13,MAT,2024-02-10,0.0,0.0,480.0,0.0
920,TMF007,13,VES,2024-02-10,0.0,0.0,480.0,
921,TMF007,13,NOT,2024-02-11,0.0,0.0,480.0,
922,TMF007,13,MAT,2024-02-11,0.0,0.0,480.0,
923,TMF007,13,VES,2024-02-11,0.0,0.0,480.0,
924,TMF007,13,NOT,2024-02-12,0.0,0.0,480.0,
925,TMF007,13,MAT,2024-02-12,0.0,0.0,480.0,
926,TMF007,13,VES,2024-02-12,0.0,0.0,480.0,
927,TMF007,13,NOT,2024-02-13,0.0,0.0,480.0,
928,TMF007,13,MAT,2024-02-13,0.0,0.0,480.0,
929,TMF007,13,VES,2024-02-13,0.0,0.0,480.0,
930,TMF007,13,NOT,2024-02-14,0.0,0.0,480.0,0.0
931,TMF007,13,MAT,2024-02-14,0.0,0.0,480.0,0.0
932,TMF007,13,VES,2024-02-14,0.0,0.0,480.0,0.0
933,TMF007,13,NOT,2024-02-15,0.0,0.0,480.0,
934,TMF007,13,MAT,2024-02-15,0.0,0.0,480.0,0.0
935,TMF007,13,VES,2024-02-15,0.0,0.0,480.0,0.0
936,TMF007,13,NOT,2024-02-16,0.0,0.0,480.0,0.0
937,TMF007,13,MAT,2024-02-16,0.0,0.0,480.0,0.0
938,TMF007,13,VES,2024-02-16,0.0,0.0,480.0,0.0
939,TMF007,13,NOT,2024-02-17,0.0,0.0,480.0,0.0
940,TMF007,13,MAT,2024-02-17,0.0,0.0,480.0,0.0
941,TMF007,13,VES,2024-02-17,0.0,0.0,480.0,0.0
942,TMF007,13,NOT,2024-02-18,0.0,0.0,480.0,
943,TMF007,13,MAT,2024-02-18,0.0,0.0,480.0,
944,TMF007,13,VES,2024-02-18,0.0,0.0,480.0,
945,TMF007,13,NOT,2024-02-19,0.0,0.0,480.0,0.0
946,TMF007,13,MAT,2024-02-19,0.0,10.0,480.0,0.020833333333333332
947,TMF007,13,VES,2024-02-19,0.0,0.0,480.0,0.0
948,TMF007,13,NOT,2024-02-20,0.0,82.0,480.0,0.17083333333333334
949,TMF007,13,MAT,2024-02-20,0.0,0.0,480.0,
950,TMF007,13,VES,2024-02-20,0.0,0.0,480.0,0.0
951,TMF007,13,NOT,2024-02-21,0.0,0.0,480.0,0.0
952,TMF007,13,MAT,2024-02-21,0.0,0.0,480.0,0.0
953,TMF007,13,VES,2024-02-21,0.0,0.0,480.0,0.0
954,TMF007,13,NOT,2024-02-22,0.0,0.0,480.0,0.0
955,TMF007,13,MAT,2024-02-22,0.0,0.0,480.0,0.0
956,TMF007,13,VES,2024-02-22,0.0,0.0,480.0,0.0
957,TMF007,13,NOT,2024-02-23,0.0,0.0,480.0,0.0
958,TMF007,13,MAT,2024-02-23,0.0,0.0,480.0,0.0
959,TMF007,13,VES,2024-02-23,0.0,0.0,480.0,0.0
960,TMF007,13,NOT,2024-02-24,0.0,0.0,480.0,
961,TMF007,13,MAT,2024-02-24,0.0,0.0,480.0,
962,TMF007,13,VES,2024-02-24,0.0,0.0,480.0,
963,TMF007,13,NOT,2024-02-25,0.0,0.0,480.0,
964,TMF007,13,MAT,2024-02-25,0.0,0.0,480.0,
965,TMF007,13,VES,2024-02-25,0.0,0.0,480.0,
966,TMF007,13,NOT,2024-02-26,0.0,0.0,480.0,
967,TMF007,13,MAT,2024-02-26,0.0,0.0,480.0,
968,TMF007,13,VES,2024-02-26,0.0,0.0,480.0,0.0
969,TMF007,13,NOT,2024-02-27,0.0,0.0,480.0,0.0
970,TMF007,13,MAT,2024-02-27,0.0,0.0,480.0,0.0
971,TMF007,13,VES,2024-02-27,0.0,0.0,480.0,0.0
972,TMF007,13,NOT,2024-02-28,0.0,0.0,480.0,0.0
973,TMF007,13,MAT,2024-02-28,0.0,0.0,480.0,0.0
974,TMF007,13,VES,2024-02-28,0.0,0.0,480.0,0.0
975,TMF007,13,NOT,2024-02-29,0.0,0.0,480.0,0.0
976,TMF007,13,MAT,2024-02-29,0.0,0.0,480.0,0.0
977,TMF007,13,VES,2024-02-29,0.0,0.0,480.0,0.0
978,TMF010,14,NOT,2024-02-01,0.0,0.0,480.0,0.0
979,TMF010,14,MAT,2024-02-01,0.0,0.0,480.0,0.0
980,TMF010,14,VES,2024-02-01,0.0,0.0,480.0,
981,TMF010,14,NOT,2024-02-02,0.0,0.0,480.0,
982,TMF010,14,MAT,2024-02-02,0.0,0.0,480.0,
983,TMF010,14,VES,2024-02-02,0.0,0.0,480.0,
984,TMF010,14,NOT,2024-02-03,0.0,0.0,480.0,
985,TMF010,14,MAT,2024-02-03,0.0,0.0,480.0,
986,TMF010,14,VES,2024-02-03,0.0,0.0,480.0,
987,TMF010,14,NOT,2024-02-04,0.0,0.0,480.0,
988,TMF010,14,MAT,2024-02-04,0.0,0.0,480.0,
989,TMF010,14,VES,2024-02-04,0.0,0.0,480.0,
990,TMF010,14,NOT,2024-02-05,0.0,0.0,480.0,0.0
991,TMF010,14,MAT,2024-02-05,0.0,28.0,480.0,0.058333333333333334
992,TMF010,14,VES,2024-02-05,0.0,0.0,480.0,0.0
993,TMF010,14,NOT,2024-02-06,0.0,0.0,480.0,0.0
994,TMF010,14,MAT,2024-02-06,0.0,0.0,480.0,0.0
995,TMF010,14,VES,2024-02-06,0.0,0.0,480.0,0.0
996,TMF010,14,NOT,2024-02-07,0.0,0.0,480.0,0.0
997,TMF010,14,MAT,2024-02-07,0.0,0.0,480.0,0.0
998,TMF010,14,VES,2024-02-07,0.0,0.0,480.0,0.0
999,TMF010,14,NOT,2024-02-08,0.0,0.0,480.0,0.0
1000,TMF010,14,MAT,2024-02-08,0.0,0.0,480.0,0.0
1001,TMF010,14,VES,2024-02-08,0.0,0.0,480.0,0.0
1002,TMF010,14,NOT,2024-02-09,0.0,0.0,480.0,0.0
1003,TMF010,14,MAT,2024-02-09,0.0,0.0,480.0,0.0
1004,TMF010,14,VES,2024-02-09,0.0,0.0,480.0,0.0
1005,TMF010,14,NOT,2024-02-10,0.0,0.0,480.0,0.0
1006,TMF010,14,MAT,2024-02-10,0.0,0.0,480.0,0.0
1007,TMF010,14,VES,2024-02-10,0.0,0.0,480.0,
1008,TMF010,14,NOT,2024-02-11,0.0,0.0,480.0,
1009,TMF010,14,MAT,2024-02-11,0.0,0.0,480.0,
1010,TMF010,14,VES,2024-02-11,0.0,0.0,480.0,
1011,TMF010,14,NOT,2024-02-12,0.0,0.0,480.0,
1012,TMF010,14,MAT,2024-02-12,0.0,0.0,480.0,
1013,TMF010,14,VES,2024-02-12,0.0,0.0,480.0,
1014,TMF009,14,VES,2024-02-16,0.0,0.0,480.0,0.0
1015,TMF009,14,NOT,2024-02-17,0.0,0.0,480.0,0.0
1016,TMF009,14,MAT,2024-02-17,0.0,0.0,480.0,0.0
1017,TMF009,14,VES,2024-02-17,0.0,0.0,480.0,0.0
1018,TMF009,14,NOT,2024-02-18,0.0,0.0,480.0,
1019,TMF009,14,MAT,2024-02-18,0.0,0.0,480.0,
1020,TMF009,14,VES,2024-02-18,0.0,0.0,480.0,
1021,TMF009,14,NOT,2024-02-19,0.0,0.0,480.0,0.0
1022,TMF009,14,MAT,2024-02-19,0.0,8.0,480.0,0.016666666666666666
1023,TMF009,14,VES,2024-02-19,0.0,0.0,480.0,0.0
1024,TMF009,14,NOT,2024-02-20,0.0,70.0,480.0,0.14583333333333334
1025,TMF009,14,MAT,2024-02-20,0.0,0.0,480.0,0.0
1026,TMF009,14,VES,2024-02-20,0.0,250.0,480.0,0.5208333333333334
1027,TMF009,14,NOT,2024-02-21,0.0,0.0,480.0,
1028,TMF009,14,MAT,2024-02-21,0.0,0.0,480.0,
1029,TMF009,14,VES,2024-02-21,0.0,0.0,480.0,
1030,TMF009,14,NOT,2024-02-22,0.0,0.0,480.0,
1031,TMF009,14,MAT,2024-02-22,0.0,0.0,480.0,
1032,TMF009,14,VES,2024-02-22,0.0,0.0,480.0,
1033,TMF009,14,NOT,2024-02-23,0.0,0.0,480.0,
1034,TMF009,14,MAT,2024-02-23,0.0,0.0,480.0,
1035,TMF009,14,VES,2024-02-23,0.0,0.0,480.0,0.0
1036,TMF009,14,NOT,2024-02-24,0.0,0.0,480.0,
1037,TMF009,14,MAT,2024-02-24,0.0,0.0,480.0,
1038,TMF009,14,VES,2024-02-24,0.0,0.0,480.0,
1039,TMF009,14,NOT,2024-02-25,0.0,0.0,480.0,
1040,TMF009,14,MAT,2024-02-25,0.0,0.0,480.0,
1041,TMF009,14,VES,2024-02-25,0.0,0.0,480.0,
1042,TMF009,14,NOT,2024-02-26,0.0,0.0,480.0,
1043,TMF009,14,MAT,2024-02-26,0.0,0.0,480.0,
1044,TMF009,14,VES,2024-02-26,0.0,0.0,480.0,
1045,TMF009,14,NOT,2024-02-27,0.0,0.0,480.0,
1046,TMF009,14,MAT,2024-02-27,0.0,0.0,480.0,
1047,TMF009,14,VES,2024-02-27,0.0,480.0,480.0,1.0
1048,TMF009,14,NOT,2024-02-28,0.0,0.0,480.0,
1049,TMF009,14,MAT,2024-02-28,0.0,0.0,480.0,
1050,TMF009,14,VES,2024-02-28,0.0,0.0,480.0,
1051,TMF009,14,NOT,2024-02-29,0.0,0.0,480.0,
1052,TMF009,14,MAT,2024-02-29,0.0,0.0,480.0,
1053,TMF009,14,VES,2024-02-29,0.0,0.0,480.0,0.0
